,,,,,,,,,
,,RELACIÓN DE ACTAS DEL COMITÉ DEL SISTEMA GENERAL DE ARCHIVOS,,,,,,,
,,,,,,,,,
,,,,,,,,,
,,,,,,,,,
,,,,,,,,,
,Nº DE ACTA,FECHA,ASUNTOS,"ANEXOS
relacionados",OBSERVACIONES,Anexo adjuntado sí/no,Temáticas,"naturaleza (física, electrónica, híbrido)",TRDs aprovadas
,,,,,,,,,
,0,08/02/2012,"Convocar sesión ""0"" para la conformación, definición de funciones y designación de miembros del Comité del Sistema Geberal de Archivos de la Pontificia Universidad Javeriana para presentar la propuesta al Rector de la Universidad
","Propuesta de resolución de creación del Comité del Sistema General de Archivos de la Pontificia Universidad Javeriana (CSGAPUJ)
Correos sobre las eliminación de exámenes de estudiantesy eliminación formularios de ingreso
Propuesta de modificaión del reglamento orgánico de la sede central
Funciones propuestas al director y subdirector del CSGAPUJ
Manejo de documentos de los aspirantes no admitidos de la Oficina de Promoci´+on Institucional",,Sí,"Propuesta para la creación del Comité del Sistema General de Archivos
Funciones y prioridades del comtié",Híbrido,NO
,1,26/04/2012,"Aprobación Acta ""0""

Presentación de un informe detallado sobre las funciones que la empresa Suppla ha ejectutado sobre el avance del proyecto de organización de archivos sede Bogotá segunda etapa

Se replantea la posibilidad de que la dirección jurídica  genere un autoservicio para la consulta de los contratos de prestación de servicios

Se acordó que se revisará con la Jefe de la Oficina de Servicios Generales y con el Director de la Dirección de Recursos cómo se va a manejar de aquí en adelante, lo que salga eliminado de las oficinas dentro del campus.

Aprobación de 38 TRD de la Vicerrectoría Administrativa.

Aprobación de la metodología de eliminación de archivos reportados por Suppla. Asimismo, los documentos y materiales para eliminar según las TVD que realice Suppla, se llevará a cabo en sus bodegas.

Revisión del manejo de reciclaje con la Jefe de la Oficina de Servicios Generales y el Director de Recursos Físicos.","Metodología de eliminación de la Dirección de Servicios Universitarios
Correo sobre citación a la reunión; solicitud eliminación Dirección Financiera","TRD aprobadas:
Vicerrectoría administrativa
Organización y métodos
Dirección de serivicios universitarios
Servicios de alimentación
Oficina de servicios generales
Tienda Javeriana
Parqueaderos
Correspondencia
Coordinación de archiv administrativos
Oficina de suministros
Dirección de gestión humana
Oficina de desarrollo humano
Oficina de relaciones laborales
Oficina de selección
Dirección financiera
Oficina de cuentas por pagar
Oficina de apoyo financiero
Oficina de costos y presupuesto 
Oficina de contabilidad
Oficina de contabilidad Fundación Julio Ramírez Johns
Oficina de contabilidad Fundación Cultural Javeriana Esterio
Oficina de contabilidad FundaciónSanta Apolina
Oficina de contabilidad Fundación Enesto Castellanos
Oficina de contabilidad Fundación Instituto Geofídico Universidad Javeriana
Oficina de contabilidad Fundación Fumio Ito
Oficina de contabilidad Fundación Luis Carlos Galán
Oficina de tesorería
Dirección de recursos físico
Oficina de construcciones
Oficina de activos fijos
Oficina de desarrollo de planta física
Administración de campus
Dirección de tecnologías de la información
Oficina de servicios a usuarios
Oficina de sistemas de información
Oficina de infraestructura de tecnologías de información y comunicación
Oficina de asistencia de seguridad informática
Asistencia de proyectos y aseguramiento de calidad",Sí,"Eliminación de documentos de aspirantes no admitidos

Contratos de prestación de servicios de la Dirección Jurídica

Propuesta de eliminación de archvios de segunda edad.",Híbrido,38 TRD
,2,18/05/2012,"Se acuerda que las TRD deben contener la columna del tiempo de retención en los archivos, de segunda edad o archivo central

La Oficina de Servicios generales informa que no e pueden aprobar las TRDs para ser aprobadas por el coitée porque hubo inconsistencias en los timepos de retención de algunas series

Designación de la Bodega San Cayetano para la recepción de los archivos históricos archivos de segunda edad y de los archivos de gestión

Se contrata a la empresa Kimberly para el reciclaje y eliminación de exámenes, libros de matrículas y formularios de documentos de aspirante no admitidos que resulten de la aplicación de la Tabla de Valoración en las bodegas de Suppla y en la Universidad, con previa autorización del Comité del Sistema General de Archivos de la Universidad.

",Correo TRD Oficina del Director de Gestión Humana,,Sí,"Series apoyo o facilitativas.
Series misionales.
Aprobación de las TRD de la Vicerrectoría Administrativa
Bodega para conservación archivo histórico.
Reciclaje.
Eliminación de documentos: exámenes de estudintes, libros de Matriculas, documentos aspirantes no admitidos.",Híbrido,
,3,05/07/2012,"Eliminación libros de matricula, informe de avance del proyecto de Archivos Adminsitrativos en Segunda Etapa, eliminación de archivos, cambio de carpetas, presentación de las TRD de la Vicerrectoría Administrativa

Se aprueba la eliminación de los libros de matrícula luego de una revisión por parte del comité.

Una vez se aplicaron las TVD a los archivos de segunda edad que se enuentran el Suppla, se evidenció una inconsistencia en el número de porcentaje.

Se aprueba la eliminación de archivos de la oficina de tesorería, la oficina de suministros, y  la oficina de costos y presupuestos cuales corresponden a cheques anulados, coletillas de cheques, memorandos y registros de proveedores; reportes de juntas de compras de 2003-2004, copias de facturas nacionalesn de 2003, 2005 y 2006, órdenes de compra, reportes de entrega outsourcing, registro de proveedores, pedidos, listados de órdenes de compra, solicitudes de giro, cotizaciones; 189 libros empastados de traslados presupuestales.

Cambio de carpetas de yute a carpetas de 3 solapas con ph neutro, sin gancho legajador, con cierre en las esquinas, a menor costo que las de yute tradicionales.

El comité solicita un estudio de mercado para valorar cantidad y costos de reciclaje frente a costos de material nuevo y tiempos para archivar los documentos de gestión.

Se aprueban las TRD de la Vicerrectoría Administrativa exceptuando las de las oficinas de Desarrollo de Planta Física y la oficina de Organización y Método","Diapositivas sobre el informe de avance del Proyecto de Archivos Administrativos – Segunda etapa

Circular de seceretaría general sobre la eliminaicón de exámenes, sobre la eliminación de documentos de los aspirantes no admitidos

Correo reunión sobre sistema de informaicón documental, solicitud eliminaicón Dirección Financiera","TRD aprobadas:
Vicerrectoría administrativa
Dirección financiera
Oficina de apoyo financiero
Oficina de tesorería
Oficina de contabilidad
Oficina de contabilidad Fundación Julio Ramíres Johns
Oficina de contabilidad Fundación Cultural Javeriana Esterio
Oficina de contabilidad Fundación Santa Apolina
Oficina de contabilidad Fundación Ernesto Castellanos
Oficina de contabilidad Fundación Instituto Geofísico Universidad Javeriana
Oficina de contabilidad Fundación Fumio Ito
Oficina de contabilidad Fundación Luis Carlos Galán
Oficina de cuentas por pagar
Oficina de costos y presupuesto
Dirección de gestión humana
Oficina de relaciones laborales
Oficina de selección
Oficina de desarrollo humano
Dirección de tecnologías de información
Oficina de sistemas de informaicón
Oficina de infraestructura del TIC
Oficina de servicios a usuarios
Asistencia de seguridad informática
Asistencia de proyectos y aseguramiento de la calidad
Dirección de recursos físicos
Oficina de activos fijos
Oficina de administración de campus
Oficina de construcciones
Dirección de servicios universitarios
Oficina de servicios de alimentación
Oficina de suministros
Oficina de servicios generales",Sí,"Eliminación de archivos de la oficina de tesorería, la oficina de suministros, y  la oficina de costos y presupuestos y solicitud de un estudio de mercado para calcular costos y pérdidas",Híbrido,
,4,30/08/2012,"Porpuesta para la eliminación de Historias Clínicas de la Fundación Instituto Naurológico de Colombia 
La Dirección de Servicios Universitarios se compormete a solicitar conceptos sobre el interés de conservar y digitalizar las historias clínicas al decano académico de la Facultad de Medicina, a la directora de la Dirección de Investigación, al director científico del Hopsital San Ignacio y al director de Neurología del Hospital ","Diapositivas sobre la propuesta de eliminación  de las historias clínicas  de la Fundación Instituto Neurológico de Colombia.

Tabla de las TRDs aprobadas por el comité del Sistema General de Archivos

Solicitud para que la sección Cali haga parte del Sistema General de Archivos
Correos sobre el manejo de las histoiras clínicas",,Sí,Popuesta y acuerdos para la eliminación de las historias clínicas de la Fundación Instituto Neurológico de Colombia.,Híbrido,
,5,07/12/2012,"Presentación del informe del proyecto sobre la aplicaión de las TVD, el estado de las transferencias documentales, el informe financiero, ejecución presupuestal, estadísticas de la Mesa de Servicios
Archivísticos y el servicio de consulta a las Unidades

Para poder eliminar las historias clínicas del Instituto Neurológico de Colombia, se debe esperar la respuesta del Ministerio de Salud al derecho de petición interpuesto por la Universidad.

Se aprueba la eliminación de exámenes, salvo que haya un proceso disciplinario en curso el cual debe seguir el procedimiento y tiempos establecidos en el Reglamento de Estudiante.

No se consideró el tema sobre el reciclaje de las carpetas y tampoco se aprobó la compra de carpetas de cuatro solapas para los archivos de gestión.
","Diapositivas Informe consolidado del Proyectoa 30 de noviembre del 2012

Resolución No. 566 de 2012

Acuerdo No. 562 de 2012

Resolución No. 558 de 2011

Reglamento Orgánico de la Seccional de Cali

Carta al Instituto Neurológico de Bogotá del 26 de octubre de 1998

Acta No. 253 del 2000 de la junta directiva del Instituto Neurológico de Colombia 

Carta a la doctora Myriam Marín Cortes del 16 de abril de 2001

Carta al padre Gerardo Remolina Vargas del 16 de octubre de 1998","TRD aprobadas:
Dirección de comunicaciones
Oficina de información y prensa
Biblioteca general Alfonso Borrero Cabal S.J
Oficina de organización y métodos
Oficina de desarrollo de la planta física
Facultad de educación-secretaría de facultad
Facultad de comunicación y lenguaje-secretaría de facultad
Centro de gestión cultural
Programa de asesoría familiar",Sí,"Informe sobre el Proyecto y sus resultados.

Eliminación de las historias clínicas del Instituto Neurológico de Colombia,

Reciclaje y compra de carpetas para el archivo de gestión.",Híbrido,
,6,15/03/2013,"Aprobación de TRD con visto bueno, directrices para eiliminación de exámenes según procedimiento publicado SC-p42, aprobación de elaboración de indicadores de consulta archivos administrativos

La Pontificia Universidad de Cali se añade como la cuarta dimensión del Sistema General de Archivos de la Universidad, representado por el Dr. Pablo Rubén Vernaza, Secretario General de la Universidad, y a la Archivista Sandra Rodríguez quien acaba de ser nombrada Coordinadora de Archivos Administrativos.

Se explicó el procedimiento de estudio, elaboración, revisiones y aprobación de las TRD y cómo intervienen cada una de las partes involucradas. Asimismo, se hace lectura de las Unidades a las cuales se les aprueban las Tablas en este día.

Se acuerda que, antes de eliminar los exámenes escritos que no hayan sido entregados a los estudiantes o reclamados por estos, se conservarán en las Secretarías de Facultad por el tiempo de un año contado a partir de la fecha de finalización del período académico en curso. Una vez expirado este tiempo, se procede a eliminalos. En el caso de que hayan procesos disciplinarios en curso, se remiten a la Dirección Jurídica
luego de lo cual se sigue el procedimiento establecido en el Reglamento de Estudiantes.

Se acuerda que los diplomas originales, en latín y duplicados, con sus actas de grado individuales que no hayan sido reclamados por los graduados se conservarán en las Secretarías de Facultad por un tiempo de seis meses contados a partir de la fecha de expedición del diploma. Cumplido este tiempo, los diplomas no reclamados, serán enviados por los Secretarios de Facultad al Archivo Histórico Javeriano Juan Manuel Pacheco, S.J., para su custodia por dos años contados a partir de la fecha de la recepción en esta Unidad. El Archivo Histórico procederá a su eliminación al cumplirse el tiempo establecido.

Se aprueba la propuesta de elaborar indicadores de las consultas que hacen las unidades sobre los archivos administrativos","Listado consolidado de las oficinas a las cuales se les ha aprobado sus Tablas de Retención Documental.

Correo del plan de trabajo de aplicaión de TVD
Extracto acta No. 223 del 04 de abril de 0132","TRD aprobadas:
Secretaría privada
Oficina de promoción institucional
Oficina de admisiones y registro académico
Vicerrectoría del medio universitario
Asistencia para el bienestar universitario
Asistencia para la promoción de identidad javeriana
Asistencia para el fomento de grupos estudiantiles
Programa de educación continua-Facultad de ciencias jurídicas
Programa de educación continua-Facultad de ciencias
Programa de educación continua-Facultad de artes
Programa de educación continua-Facultad de odontología
Programa de educación continua-Facultad de arquitectura y diseño
Programa de educación continua-Facultad de ciencias políticas
Programa de educación continua-Facultad de comunicación y lenguaje
Programa de educación continua-Facultad de enfermería
Programa de educación continua-Facultad de estudios ambientales y rurales
Programa de educación continua-Facultad de filosofía
Programa de educación continua-Facultad de ingeniería
Programa de educación continua-Facultad de medicina
Programa de educación continua-Facultad de psicología
Programa de educación continua-Facultad de teología
Facultad de arquitectura y diseño-decanatura académica
Facultad de ciencias-decanatura académica
Facultad de ciencias económicas y administartivas-decanatura académica
Facultad de ciencias sociales-decanatura académica
Facultad de comunicación y lenguaje-decanatura académica
Facultad de estudios ambientales y rulales-decanatura académica
Facultad de enfermería-decanatura académica
Facultad de educación-decanatura académica
Facultad de medicina-decanatura académica
Facultad de odontología-decanatura académica
Facultad de psicología-decanatura académica
Facultad de derecho canónico-decanatura académica
Facultad de artes-decanatura académica
Facultad de arquitectura y diseño-decanatura del medio universitario
Facultad de ciencias-decanatura del medio universitario
Facultad de ciencias económicas y administrativas-decanatura del medio universitario
Facultad de ciencias jurídicas-decanatura del medio universitario
Facultad de comunicación y lenguaje-decanatura del medio universitario
Facultad de estudios ambientales y ruales-decanatura del medio universitario
Facultad de enfermería-decanatura del medio universitario
Facultad de odontología-decanatura del medio universitario
Facultad de psicología-decanatura del medio universitario
Facultad de artes-secretaría de facultad
Facultad de ciencias-secretaría de facultad
Facultad de ciencias sociales-secretaría de facultad
Facultad de ciencias económicas y administrativas-secretaría de facultad
Facultad de ciencias jurídicas-secretaría de facultad
Facultad de ciencias políticas-secretaría de facultad
Facultad de estudios ambientales y rurales-secretaría de facultad
Facultad de enfermería-secretaría de facultad
Facultad de medicina-secretaría de facultad
Facultad de psicología-secretaría de facultad
Facultad de odontología-secretaría de facultad
Facultad de teología-secretaría de facultad
Facultad de ingeniería-secretaría de facultad",Sí,"Anexión de la Javeriana de Cali como la cuarta dimensión del Sistema General de Archivos de la Universidad.

Información sobre la creación de las TVD.

Eliminación de exámenes escritos y diplomas no reclamados.",Híbrido,
,7,30/05/2013,"Necesidad creación sistema de gestión documental, estudio con otras Universidades y tipo s sw, oficilización de la seccional Cali en el Sistema General de Archivos de la Universidad, Informe de la Vicerrectoría Administrativa sobre el proyecto Suppla

Se expresa la necesidad de crear el Sistema de Gestión Documental de la Universidad, de la mano con otras instituciones como la Universidad Cooperativa y la Seccional Cali en este tema de
gestión documental para determinadas series documentales; así mismo revisar lo que las empresas productoras de software de gestión documental ofrecen en el mercado.

Mediante Acta 223 del 4 de abril de 2013 se aprueba la participación de la Seccional en el Sistema General de Archivos de la Universidad. 

Se reconoce que la sección de Cali posee autonomía para particularizar procesos. Sin embargo se acuerda que los puntos en común entre Bogotá y Cali son: las TVD y las TRD,  Cuadro de Clasificación Documental , los acuerdos del Comité y un concepto único de Archivo Histórico Javeriano con tres sedes.

Se presenta el informe de la Vicerrectoría Administrativa sobre el proyecto con Suppla.","Circular No. 004 de 2013

Circular No. 003 de 2013

Manual de Archivo de enero de 2013

Memorando del 22 de agosto de 2013 sobre Cuadros Documentales
Informe economico consolidado y estadistico de mayores consultas por temas y 21 TRD consolidadas,","TRD aprobadas:
Oficina de protocolo
Oficina de gestión de donaciones
Dirección jurídica
Centro pastoral San Fancisco Javier
Centro de asesoría psicológica
Centro javeriano de formación deportiva
Programa universidad saludable
Programa javeriano por la justicia y por la paz
Facultad de artes-decanatura académica
Facultad de ciencias jurídicas-decanatura académica
Facultad de ciencias políticas-decanatura académica
Facultad de filosofía-decanatura académica
Facultad de ingeniería-decanatura académica
Facultad de teología-decanatura académica
Facultad de ciencias políticas-decanatura del medio universitario
Facultad de ingeniería-decanatura del medio universitario
Facultad de medicina-decanatura del medio universitario
Facultad de teología-decanatura del medio universitario
Facultad de arquitectura-secretaría de facultad
Facultad de filosofía-secretaría de facultad
Programa de educación continua-Facultad de ciencias económicas y administrativas",Sí,"Aprobación de la seccional de Cali al Sistema General de Archivos de la Universidad.

Informe de la Vicerrectoría Administrativa sobre el proyecto con Suppla.",Híbrido,
,8,15/11/2013,"Proyecto de Gestión Documental, Informe de las Reuniones participación internacional y en Red Iberoamericana de archivos, Informe de proyectos especiales, Informe del proyecto de organización de archivos Administrtivos,

Se acuerda que, para llevar a cabo un Proyecto de Gestión Documental en la Universidad Javeriana es importante conocer implementaciones que hayan realizado instituciones, públicas y privadas, del sector educativo o fuera de él, que tengan procesos de gestión documental para poder aproximarnos a metodologias herramientas, software, etc.,  para construir un modelo de gestión y tomar la mejor decisión en cuanto a herramientas tecnológicas más adecuadas para el desarrollo del proyecto","informes Aprendizajes, informe de proyectos especiales e informe del proyecto suppla

Informe de participación en el VI congreso iberoamericano de archivos universitarios, 

Informe de participaciónen la primera jornada internacional de archivos del Perú

Proyecto de organización archivo satélite oficina de relaciones laborales
",,Sí,"Propuesta del proyecto de gestión documental

Informes de aprendizaje

Informe de proyectos especiales: Hojas de Vida de la Oficina de Relaciones Laborales, Pinacoteca, Serie Correspondencia.

Informe de avance del Proyecto de Organización de Archivos Administrativos en la Universidad ",Híbrido,
,9,25/04/2014,"Informe del proyecto costos y general del proyecto Suppla, se aprueban 92 TRD y quedan pendientes 27 por firma del directivo

Se aprueba la eliminación de documentos copiados de los siguientes departamentos: Dirección deAsuntos Profesorales, Facultades de Arquitectura y Diseño, Ciencias Jurídicas, Enfermería, Medicina, Odontología, Archivo Histórico Javeriano, Oficina de Relaciones Laborales, Servicios de Alimentación y del Instituto Neurológico de Colombia.

Se aprueba la eliminación de diplomas de educación continua los cuales, como los depregrado y posgrado, deben ser transferirlos al Archivo Histórico Javeriano y una vez, cumplido el plazo de dos años, eliminar.","Informe Archivos Administrativos

CD Dirección de servicios universitarios

Memorando sobre remisión de TRD para firmas del 10 abril de 2014 y  24 de abril de 2014

Metodología de eliminación de la oficina de servicios generales

CD con 120 TRD aprovadas por el Comité y cuadros de clasificiaón documental","TRDs aprovadas:

Rectoría:
Oficina del rector

Vicerrectoría académica:
Vicerrector académico
Dirección de programas académicos
Centro ático

Vicerrectoría de investigación:
Dirección de investigación
Dirección de innovación
Instituto de bioética

Vicerrectoría de extensión y relaciones interinstitucionales:
Vicerrector de extensión y relaciones interinstitucionales
Dirección de consultorías
Dirección de relaciones con egresados
Dirección de asuntos internacionales
Subcentro de riesgos profesionales y salud ocupacional

Vicerrectoría administrativas:
Oficina de control de giros

Facultades:
Facultad de arquitectura y diseño: 1 posgrado
Facultad de artes: 3 departamentos, 2 programas de pregrado, 2 programas de posgrados
Facultad de ciencias: 6 departamentos, 6 programas de pregrado, 6 programas de posgrados
Facultad de ciencias económicas y administrativas: 5 programas de posgrados
Facultad de ciencias jurídicas: 6 departamentos, 1 programa de pregado y 16 programas de posgrados
Facultad de ciencias sociales: 1 departamentos, 2 programas de pregrado, 5 programas de posgrados
Facultad de comunicacióm y lenguaje: 1 departamento
Facultad de derecho canónico: 2 programas de posgrado
Facultad de educación: 1 depatamento, 2 programas de pregado, 1 programa de posgrado
Facultad de enfermería: 2 departamentosx
Facultades de estudios ambientales y ruales: 1 departamento, 5 programas de posgrado
Facultad de filosofía: 1 departamento. 2 programas de pregrado, 2 programas de posgrados
Facultad de ingeniería: 2 departamentos
Facultad de medicina: 13 departamentos, 1 programa de pregrado, 31 programas de posgrados
Facultad de odontología: 4 departamentos
Facultad de teología: 3 programas de pregado, 2 programas de posgrados",Sí,"Eliminación de documentos copiados en departamentos de la Universidad

Eliminación de diplomas de educación continua",Híbrido,
,10,17/10/2014,"Presentación del Informe del contrato con Suppla 30 de septiembre de 2014, 

se aprueban 44 TRD de las siguientes unidades: 
vicerrectoría de extensión y relaciones internacionales: dirección de asuntos internacionales, subcentro de riesgos profesionales y salud ocupacional
vicerrectoría administrativa: oficina de control de giros

Con el visto bueno de la Dirección Jurídica se aprueba la eliminación de los documentos presentados por la CAA. Eliminación de archivos del CAA","Informe de  avance del proyecto de organización de achivo de la PUJ etapa II

Diapositivas resultado encuenta primer semestre archivos adminsitrativos  2014

Correo TRD uniades particulares para validación

Diapositivas La Gestión Documental en la Universidad Javeriana

Memorando del 10 de diciembre sobre remisión de los directorios de la facultad de arquidiseño para eliminación","TRDs aprobadas se encuentran en un CD

TRDs aprovadas:

Vicerrectoría de extensión y relaciones interinstitucionales:
Dirección de asuntos internacionales
Subcentro de riesgos profesionales y salud ocupacional

Vicerrectoría administrativa:
Oficina de control de giros

Facultad de arquitectura y diseño:
Instituto Carlos Arbeláez Camacho para el patrimonio arquitectónico y urbano ICAC
Instituto javeriano de vivienda y urbanismo INJAVIU
Programa de estudios internacionales
Proyecto génesis

Facultad de artes:
Programa infantil y juvenil
Oficina de conciertos, exposiciones y eventos

Facultad de ciencias:
Centro de orientación nutricional
Centro de servicios
Instituto de errores innatos del metabolismo
Unidad de ciencias biomédicas
Oficina de preuniversitarios y asiganaturas de libre escogencia

Facultad de ciencias económicas y administrativas:
Centro javeriano para la competitivad empresarial
Instituto de políticas de desarrollo
Oficina de prácticas

Facultad de ciencias jurídicas:
Departamento de derecho laboral
Departamento de derecho privado
Departamento de derecho procesal
Departamento de derecho penal
Departamento de derecho público y constitucional
Departamento de filosofía e historia del derecho
Departamento de derecho económico
Doctorado en ciencias jurídicas
Consultorio jurídico

Facultad de ciencias políticas y relaciones internacionales:
Departamento de relaciones internacionales

Facultad de derecho canónico:
Consultorio jurídico

Facultad de estudios ambientales y rurales:
Instituto de estudios ambientales para el desarrollo IDEADE
Instituto de estudios rurales

Facultad de ingeniería:
Instituto geofísico
Centro de ergonomía

Facultad de medicina
Departamento demorfología
Departamento de epidemiología clínica y bioestadística
Centro de simulación clínica
Instituto de envejecimiento 
Instituto de genética humana
Oficina de preuniversitaria

Facultad de odontología:
Departamento de sistema dentario
Unidad de clínicas
Programa técnico laboral

Facultad de psicología:
Consultores en psicología
Oficina de preuniversitarios

Facultad de teología:
Oficina de publicaciones
",Sí,"Informe del contrato con la empresa Suppla
Eliminación de archivos del CAA
Aprovación de TDR",Híbrido,
,11,16/04/2015,"Avance de proyecto de organización de Archivos de la Universidad, segunda etapa. Eliminación de archivos según circular

Presentación del Informe del Proyecto de Gestión Documental

La Coordinación de Archivos Administrativos es la encargada de pasar por las unidades con  mayor volumen para eliminar, con el fin de iniciar las depuraciones del fondo acumulado. Según la TVD se levanta un acta de aprobación de la eliminación de los volúmenes a descartar. Si hay acuerdo se firma el acta entre las partes y se remite a la Dirección Jurídica para concepto. Si no existe acuerdo con las unidades, estas deben justificar por escrito el por qué no deben eliminarse estos documentos, y se remiten igualmente estos documentos: justificación y acta para que la Dirección Jurídica emita su concepto.

los documentos aprobados para eliminar fueron formularios de inscripción, exámenes supletorios y parciales de  la oficina de Promoción Institucional, Facultad de Educación, Facultad de Arquitectura y Diseño, Centro de Gestión Cultural, el Instituto de Genética y del Departamento de Ciencias Fisiológicas de la Facultad de Medicina, historias clínicas

40 TRD aprobadas de la seccional de Cali","Informe avance PAA 2da. etapa, Circular N. 004/2013, Circular N. 004/2013, 3 cd TRD aprobadas por el comité

Memorando del 19 de enero de 2015 sobre concepto técnico eliminación de directorios

CD con las TRD de la Oficina de Servicios Generales aprobado por el Comité de marzo 2015, y 2 CDs de abril 2015

Circular No. 004 de 2013 sobre eliminación de exámenes

Circular No. 003 de 2013 sobre eliminación de diplomas

correo sobre la conservación y eliminación de los documentos de los aspirantes no admitidos y de los admitidos no matriculados

correo sobre el informe para CSGA",,,"proyecto de organización de Archivos de la Universidad, segunda etapa
eliminación de archivos",,
,12,02/07/2015,"Avance de proyecto de organización de Archivos de la Universidad corte 21/1/2011 a 31/05/2015,

depuración del fondo documental acumulado

Estado de las TRD: se tienen 373 TRD vigentes de las cuales 33 vigentes hasta 2014 corresponden a las Tablas de las Decanaturas Académicas, Decanaturas del Medio Universitario y Programas de Educación Continua.

Se aprueban 18 TRD correspondientes a las Secretarías de Facultad de las 18 Facultades de la PUJ sede Bogotá.

Se aprueban 38 TRD de Cali  por el Comité del Sistema General de Archivos de la PUJ y 64 que se están trabajando actualmente. El Comité valida las 38 TRD  de la Rectoría, Vicerrectoría Administrativa, Vicerrectoría Académica, Vicerrectoría del Medio Universitario, Facultad de Ciencias Económicas y Administrativas, Facultad de Humanidades y Ciencias Sociales, Facultad de Ciencias de la Salud.

Se eliminaron archivos de las siguientes oficinas: Dirección Financiera, Facultad de Ingeniería, Oficina de Relaciones Laborales, Facultad de Ciencias Jurídicas, Oficina de Tesorería, Facultad de Medicina, Facultad de Odontología, Facultad de Ciencias Económicas y Administrativas, Facultad de Psicología y el Archivo Histórico Javeriano; por otro lado, se eliminaron historias clínicas de la facultad de medicina. según relación de anexo, informe de gestión Archivo Cali ","Informe avance PAA 2da. Etapa, Informe Archivo central Cali

","TRDs aprovadas en la seccional Cali:
Rectoría:
Oficina de relaciones internacionales
Oficina de comunicaciones
Emisora javeriana estéreo
Oficina de responsabilidad social

Vicerrectoría administrativa:
Oficina de gestión humana
Servicios operacionales
Contratabilidad y presupuestos
Oficina de tesorería
Oficina de financiación y cartera
Oficina de compras y servicios especiales

Vicerrectoría académica:
Oficina de gestión estudiantil
Oficina de consultoría y educación continua
Oficina de registro académico y admisiones
Oficina de promociones institucional
Sello editorial javeriano
Biblioteca general

Vicerrectoría del medio universitario
Oficina del vicerrector del medio universitario
Centro de bienestar
Centro de expresión cultural
Centro deportivo
Centro San Francisco Javier

Facultad de ciencias económicas y administrativas:
Decanatura académica de la facultad de ciencias económicas y administrativas
Secretaría de la facultad de ciencias económicas y administrativas
Departamento de contabilidad y finanzas
Departamento de economía
Departamento de gestión de organizaciones
Carrera de administración de empresas
Carrera de contaduría pública
Carrera de negocios internacionales
Carrera de economía

Facultad de humanidades y ciencias sociales:
Carrera de ciencias políticas
Carrera de comunicación
Carrera de derecho-consultorio jurídico
Carrera de filosofía
Carrera de psicología

Facultad de ciencias de la salud:
Secretaría de la facultad de ciencias de la salud
Carrera de medicina

Facultad de ingeniería
Carrera de matemáticas aplicadas

TRDs aprovadas en PUJ Bogotá:
Oficinas:
Rectoría
Oficina jurídica
Secretaría general
Archivo central
Oficina de comunicaciones
Oficina de relaciones internacionales
Oficina de relación con los egresados
Oficina de apoyo a la planeación
Oficina de responasbilidad social
Oficina de relaciones universidad entorno
Centro de multimedios
Oficina de servicios informativos
Emisora javeriana estéreo
Oficina del vicerrector administrativo
Gestión humana
Servicios operacionales
Contabilidad y presupuesto
Oficina de tesorería
Oficina de servicios y apoyo financieros
Oficina de compras y servicios especiales
Oficina del vicerrector académico
Oficina de desarrollo académico
Oficina de gestión profesional
Oficina de gestión estudiantil
Oficina de investigación, desarrollo e innovación
Oficina de consultoría y educación continúa
Oficina de apoyo al emprendimiento
Oficina de registro académico y admisiones
Oficina de promoción institucional
Oficina para el fomento del uso de las tecnologías de información y comunicación
Centro de estudios interculturalesx
Sello editorial javeriano
Biblioteca general
Oficina del vicerector del medio universitario
Centro de bienestar
Centro de expresión cultural
Centro deportivo
Centro San Francisco Javier

Facultade de ciencias económicas y administrativas
Decanatura académica de la facultad de ciencias económicas y administrativas
Secretaría de la facultad de ciencias económicas y administrativas
Departamento de contabilidad y finanzas
Departamento de economía
Departamento de gestión de organizaciones
Carrera de administración de empresas
Carrera de contaduría pública
Carrera de negocios internacionales
Carrera de economía
Maestría en administración de empresas-executive MBA
Maestría en administración de empresas-Cali
Maestría en administración de empresas-Pasto
Maestría en administración de empresas-Pereira
Maestría en finanzas
Maestría en mercadeo
Maestría en ciencias económicas y de gestión
Especialización en administración de salud
Especialización en contabilidad financiera internacional
Especialización en finanzas
Especialización en gerencia social
Especialización en gestión tributaria
Especialización en mercadeo
Especialización en negocios internacionales

Facultad de humanidades y ciencias sociales:
Decanatura académica de la facultad de humanidades y ciencias sociales
Secretaría de la facultad de humanidades y ciencias sociales
Departamento de arquitectura, arte y diseño
Departamento de ciencia jurídica y política
Departamento de ciencias sociales
Departamento de comunicación y lenguaje
Departamento de humanidades
Carrera de artes visuales
Carrera de ciencia política
Carrera de comunicación
Carrera de derecho
Carrera de derecho-consultorio jurídico
Carrera de diseño de comunicación visual
Carrera de filosofía
Carrera de psicología
Carrera de arquitectura
Mestría en asesoría familiar-modalidad virtual
Maestría en derecho empresarial
Maestría en familia
Maestría en derechos humanos y cultura de paz
Maestría en psicología de la salud
Especialización en derecho comercial
Especialización en cultura de paz y DIH
Especialización en procesos humanos y desarrollo organizacional
Especialización en neuropsicología infantil
Especialización en seguridad social

Facultad de ciencias de la salud:
Decanatura académica de la facultad de ciencias de la salud
Secretaría de la facultad de ciencias de la salud
Carrera de medicina
Departamento de ciencias básicas de la salud
Departamento de salud pública
Departamento de clínicas médicas
Departamento materno-infantil
Departamento de de clínicas quirúrgicas
Maestría en salud pública

Facultad de ingeniería:
Decanatura académica de la facultad de ingeniería
Secretaría de la facultad de ingeniería
Departamento de ingeniería civil e industrial
Departamento de electrónica y ciencias de la computación
Departamento de ciencias naturales y matemáticas
Carrera de biología
Carrera de ingeniería civil
Carrera de ingeniería de sistemas y computación
Carrera de ingeniería electrónica
Carrera de ingeniería industrial
Carrera de matemáticas aplicadas
Maestría en ingeniería
Maestría en ingeniería civil
Doctorado en ingeniería
Especialización en gerencia de construcciones
Especialización en ingeniería de la calidad
Especialización en logística integral
Especialización en sistemas gerenciales de ingeniería
Centro de automatización y procesos-CAP",,"Presentación del Informe de avance del Proyecto de Organización de Archivos II etapa

Depuración del fondo documental acumulado.

",,
,13,04/12/2015,"Informe PAA 2da. Etapa, Depuración del fondo documental, estado de tablas de retención documental, Propuesta de eliminación de archivo Instituto Geofísico, informe de gestión Archivos Cali, ley 1712 de 2014 

En el infome de gestión para la Javeriana Cali se presenta el listado de 38 TRD aprobadas en la anterior sesión del Comité y que están pendientes para la firma , además se listan 75 TRD que se someten a la aprobación del Comité en esta sesión.
","Informe PAA, Ley 1712 de 2014, oficialización de 42 TRD","TRDs aprovadas en PUJ Bogotá: 
Secretaría de facultad de ciencias económicas y administrativas
Secretaría de facultad de ciencias políticas y relaciones internacionales
Secretaría de facultad de ciencias sociales
Secretaría de facultad de enfermería
Secretaría de facultad de estudios ambientales y rurales
Secretaría de facultad ingeniería

Oficina de protocolo
Editorial Pontificia Universidad Javeriana
Dirección de educación continua
Oficina de relaciones laborales
Oficina de  servicios generales
Oficina de activos fijos
Centro de aseroría psicológicos y salud
Centro pastoral San Francisco Javier
Facultad de artes-decanatura de facultad
Facultad de ciencias económicas y administrativas-decanatura de facultad
Facultad de ciencias económicas y administrativas-carrera de administración de empreeas
Facultad de ciencias económicas y administrativas-departamento de ciencias contables
Facultad de ciencias económicas y administrativas-departamento de administración
Facultad de ciencias jurídicas-decanatura de facultad
Facultad de ciencias políticas y relaciones internacionales-decanatura de la facultad
Facultad de ciencias sociales-carrera de estudios literarios
Facultad de comunicación y lenguaje-decanatura de la facultad
Facultad de derecho canónico-decanatura de la facultad
Facultad de educación-decanatura de la facultad
Facultad de educación-licenciatura en pedagogía infantil
Facultad de enfermería-decanatura de la facultad
Facultad de estudios ambientales y rurales-decanatura de la facultad
Facultad de filosofía-doctorado en filosofía
Facultad de ingeniería-decanatura de la facultad
 Facultad de ingeniería-centro de estudios de ergonomía
Facultad de odontología-decanatura de la facultad
Facultad de psicología-decanatura de la facultad
Facultad de teología-decanatura de la facultad
Facultad de teología-departamento de teología
",,"Informe de avance del Proyecto de Organización de Archivos de la PUJ sede Bogotá segunda etapa

Informe de la gestión de archivos de la Javeriana Cali

Ley 1712 de 2014 (Ley de Transparencia) y Decreto 103 de 2015",,
,14,10/06/2016,"Informe avance tercerización archivos administrativos, depuración del fondo acumulado, TRD para aprobar y eliminación de archivos. Informe de Gestión Arhivos Cali

En el Informe de Gestión Arhivos Cali se presentan y se aprueban 45 TRD.


Se habla sobre la maestría en Archivística Histórica y Memoria de la facultad de Ciencias Sociales y Comunicación y Lenguaje, detllando su modalidad y el número de estudiantes inscritos.","Informe AAS, Cd TRD a 2016, lista relación TRD aprobadas","TDRs aprobadas PUJ Bogotá:

Rectoría:
Oficina de admisiones y registro

Vicerrectoría adminsitrativa:
Oficina de servicios generales

Facultad de artes:
Carrera de artes visuales

Facultad de medicina
Departamento de ciencias fisiológicas

Facultad de teología:
Centro de formación teológica

TDRs aprovadas PUJ Cali:
Rectoría:
Rectoría
Secretaría general
Archivo central

Vicerrectoría administrativa:
Oficina del vicerrector administrativo

Vicerrectoría académica:
Oficina del vicerrector académico
Oficina de desarrollo académico

Facultad de ciencias de la salud:
Decanatura académica de la facultad de ciencias de la salud

Facultad de humanidades y ciencias sociales:
Decanatura académica de la facultad de humanidades y ciencias sociales
Secretaría de la facultad de humanidades y ciencias sociales
Departamento de arquitectura, arte y diseño
Departamento de ciencia jurídica y política
Departamento de ciencias sociales
Departamento de comunicación y lenguaje
Departamento de humanidades
Carrera de comunicación
Carrera de derecho
Carrera de diseño de comunicación visual
Carrera de arquitectura
Maestría en asesoría familiar-modalidad virtual
Maestría en derecho empresarial
Maestría en familia
Maestría en derechos humanos y cultura de paz
Maestría en psicología de la salud
Especialización en derecho comercial
Especialización en cultura de paz y derecho internacional humanitario
Especialización en procesos humanos y desarrollo organizacional
Especialización en neuropsicología infantil
Especialización en seguridad social

Facultad de ingeniería:
Decanatura académica de la facultad de ingeniería
Secretaría de la facultad de ingeniería
Departamento de ingeniería civil e industrial
Departamento de electrónica y ciencias de la computación
Departamento de ciencias naturales y matemáticas
Carrera de biología
Carrera de ingeniería civil
Carrera de ingeniería de sistemas y computación
Carrera de ingeniería electrónica
Carrera de ingeniería industrial
Maestría en ingeniería 
Maestría en ingeniería civil
doctorado en ingeniería
Especialización en gerencia de construcciones
Especialización en ingeniería de la calidad
Especialización en logística integral
Especialización en sistemas gerenciales de ingeniería

Rectoría:
Rectoría
Oficina jurídica
Secretaría general
Archivo central
Oficina de comunicaciones
Oficina de relaciones internacionales
Oficina de relación con los egresados
Oficina de apoyo a la planeación
Oficina de responsabilidad social
Oficina de relaciones universidad-entorno
Centro de multimedios
Centro de servicios informáticos
Emisora javerian estéreo

Vicerrectoría administrativa:
Oficina del vicerrector administrativo
Gestión humana
Servicios operacionales
Contabilidad y presupuesto
Oficina de tesorería
Oficina de servicios y apoyo financiero
Oficina de compras y servicios especiales

Vicerrectoría académica:
Oficina del vicerrector académico
Oficina de desarrollo académico
Oficina de gestión profesoral
Oficina de gestión estudiantil
Oficina de investigación, desarrollo e innovación
Oficina de consultoría y educación continua
Oficina de apoyo al emprendimiento
Oficina de registro académico y admisiones
Oficina de promoción institucional
Oficina para el fomento del uso de las tecologías de información y comunicación-javevirtual
Centro de estudios interculturales
Sello editorial javeriano
Biblioteca general

Vicerrectoría del medio universitario:
Oficina del vicerrector del medio universitario
Centro de bienestar
Centro de expresión cultural
Centro deportivo
Centro San Francisco Javier

Facultad de ciencias económicas y administrativas:
Decanatura académica de la facultad de ciencias económicas y administrativas
Secretaría de la facultad de ciencias económicas y administrativas
Departamento de contabilidad y finanzas
Departamento de economía
Departamento de gestión de organizaciones
Carrera de administración de empresas
Carrera de contaduría pública
Carrera de negocios internacionales
Carrera de economía
Maestría en administración de empresas-executive MBA
Maestría en administración de empresas-Cali
Maestría en administración de empresas-Pasto
Maestría en administración de empresas-Pereira
Maestría en finanzas
Maestría en mercadeo
Maestría en ciencias económicas y de gestión
Especialización en administración de salud
Especialización en contabilidad financiera internacional
Especialización en finanzas
Especialización en gerencia social
Especialización en gestión tributaria
Especialización en mercadeo
Especialización en negocios internacionales

Facultad de humaniades y ciencias sociales:
Decanatura académica de la facultad de humaniades y ciencias sociales
Secretaría de la facultad de humaniades y ciencias sociales
Departamento de arquitectura, arte y diseño
Departamento de ciencia jurídica y política
Departamento de ciencias sociales
Departamento de comunicación y lenguaje
Departamento de humanidades
Carrera de artes visuales
Carrera de ciencia política
Carrera de comunicación
Carrera de derecho
Carrera de derecho-consultorio jurídico
Carrera de diseño de comunicación visual
Carrera de filosofía
Carrera de psicología
Carrera de arquitectura
Maestría en asesoría familiar-modalidad virtual
Maestría en derecho empresarial
Maestría en familia
Maestría en derechos humanos y cultura de paz
Maestría en psicología de la salud
Especialización en derecho comercial
Especialización en cultura de paz y DIH
Especialización en procesos humanos y desarrollo organizacional
Especialización en neuropsicología infantil
Especialización en seguridad social

Facultad de ciencias de la salud:
Decanatura académica de la facultad de ciencias de la salud
Secretaría de la facultad de ciencias de la salud
Carrera de medicina
Departamento de ciencias básicas de la salud
Departamento de salud pública
Departamento de clínicas médicas
Departamento materno-infantil
Departamento de clínicas quirúrgicas
Maestría en salud pública

Facultad de ingeniería:
Decanatura académica de la facultad de ingeniería
Secretaría de la facultad de ingeniería
Departamento de ingeniería civil e industrial
Departamento de electrónica y ciencias de la computación
Departamento de ciencias naturales y matemáticas
Carrera de biología
Carrera de ingeniería civil
Carrera de ingeniería de sistemas y computación
Carrera de ingeniería electrónica
Carrera de ingeniería industrial
Carrera de matemáticas aplicadas
Maestría en ingeniería
Maestría en ingeniería civil
Doctorado en ingeniería
Especialización en gerencia de construcciones
Especialización en ingeniería de la calidad
Especialización en logística integral
Especialización en sistemas gerenciales de ingeniería
Centro de automatización y procesos-CAP",," Informe de avance del Proyecto de Organización de Archivos de la PUJ sede Bogotá, segunda etapa

Informe de la gestión de archivos de la Javeriana Cali

Maestría en Archivística Histórica y Memoria

",,
,15,02/12/2016,"Informe archivos administrativos, tercerización, plan de incentivos para los archivos de gestion activos de la Universidad;  TRD, depusración fondos acumulados, eliminación

Se discute el Plan de incentivos aplicación de TRD

Se señala que hay unidades en las que no se ha podido medir la aplicación delas TRD por diferentes razones y por lo tanto se están acordando planes de trabajo con ellas para implementar el próximo año y superar las dificultades. Las unidades con este problema son la Vicerrectoría Administrativa, la Facultad de Comunicación, la Facultad de Educación, la Facultad de Ciencias, en la Facultad de Artes la Carrera de Música y la Maestría en Creación Audiovisual; en la Facultad de Odontología está el Centro de Investigaciones Odontológicas, el Departamento de Sistema Dentario.

Se presenta la propuesta de eliminación de archivos en las unidades y la depuración del fondo acumulado por la aplicación de TVD",Informe AAS ,"TDRs aprobadas PUJ Bogotá:
Vicerrectoría académica:
Centro para el aprendizaje, la enseñanza y la evaluación

Vicerrectoría del medio universitario:
Centro de fometo de la identidad y construcción de la comunidad

Facultad de artes:
Carrera de artes escénicas

Facultad de filosofía:
Decanatura de facultad

Facultad de ciencias eonómicas y administrativas:
Maestría en responsabilidad social
Maestría en economía de la salud

Facultad de ciencias sociales:
Decanatura de facultad
Maestría en archivística histórica y memoria

Facultad de educación:
Maestría en educación

Facultad de ingeniería:
Coordinación de relaciones con egresados

Facultad de psicología:
Doctorado en psicología

TRDs actualizadas PUJ Bogotá:
Vicerrectoría de investigación:
Dirección de investigación

Vicerrectoría administrativa:
Oficina de cuentas por pagar

Facultad de artes:
Carrera de estudios musicales

Facultad de ciencias políticas y relaciones internacionales:
Carrera de relaciones internacionales

Facultad de medicina:
Departamento de morfología

Facultad de odontología:
Unidades de clínicas",,"Informe tercerización archivos administrativos.

Tablas de Retención Documental.

Depuración del fondo documental acumulado y eliminación de documentos de archivo ",,
,16,31/03/2017,"Informe tercerización de los archivos administrativos, Plan de incentivos por aplicación de TRD, Proyecto Arboretum y la Eliminación de documentos de archivo – propuesta de eliminación",Informe AAS,"Anexo digital
Rectoría:
Dirección jurídica

Vicerrectoría de investigación:
Instituto de salud pública

Vicerrectoría académica:
Dirección de programas académicos

Vicerrectoría del medio universitario:
Centro de asesoría psicológico y salud

Facultad de arquitectura y diseño:
Decanatura de la facutad

Facultad de artes:
Maestría en creación universal

Facultad de ciencias:
Departamento de microbiología

Facultad de comunicación y lenguaje:
Licenciatura en lenguas modernas con énfasis en inglés y francés

Facultad de enfermería:
Decanatura de la facultad

Facultad de ciencias poíticas y relaciones internacionales:
Carrera de ciencia política

Facultad de odontología:
Departamento de sistema dentario",," Informe de avance del Proyecto de Organización de Archivos de la PUJ sede Bogotá, segunda etapa",,
,17,29/09/2017,"Informe de tercerización, nueva contratación tercerización, TRD, intervención fondo acumulado, proyecto de Gestión Documental en Bogotá y Cali

Propuestas de eliminación de documentos de archivo.","Informe AAS, Informe cali ","Anexo digital

Rectoría:
Dirección jurídica

Vicerrectoría de investigación:
Instituto de salud pública

Vicerrectoría académica:
Direccción de programas académicos

Vicerrectoría del medio universitario:
Centro de asesoría psicológico y salud

Facultad de arquitectura y diseño:
Decanatura de la facutad

Facultad de artes:
Maestría en creación universal

Facultad de ciencias:
Departamento de microbiología

Facultad de comunicación y lenguaje:
Licenciatura en lenguas modernas con énfasis en inglés y francés

Facultad de enfermería:
Decanatura de la facultad

Facultad de ciencias poíticas y relaciones internacionales:
Carrera de ciencia política

Facultad de odontología:
Departamento de sistema dentario",,"Lectura y aprobación del Acta N.16 del Comité

Informe tercerización archivos administrativos PUJ Bogotá

Tablas de Retención Documental

Propuestas de eliminación de documentos de archivo",,
,18,13/09/2018,"Informe de tercerización AAS, nuevo proceso de contratación, aprobación (TRD nuevas - actualizadas) aplicación de las TVD, analisis series históricas, Eliminación de archivo, Informe Archivo central cali, informe avances proyecto de GD 

En total se presentaron 24 TRDs.Para aprobación se presentan 18 TRD nuevas y 6 TRD actualizadas

La Coordinación de Archivos Administrativos propone un modelo de TRD con ocasión del Proyecto de Gestión Documental, para normalizar los tipos documentales y definirlos según su tradición, soporte, sistema transaccional, retención y disposición final, y clasificación de la
información. La propuesta se presenta al Comité y se está analizando la necesidad de definir claramente los tipos documentales para su parametrización en el software de la gestión documenal que se está proyectando en la universidad.

Presentación del Informe ejecutivo del Proyecto de Transformación de la Gestión Organizacional","Informe AAS, Informe Cali Informe Proyecto GD, ","Anexo digital

Secretaría de planeación
Oficina de movilidad nacional
Servicios de alimentación
Dirección de gestión humana
Oficina de suministros
Oficina de activos fijos

Facultad de ciencias-Bioterio

Facultad de ciencias económicas y administrativas-MBA modalidad ejecutiva

Facultad de ciencias políticas y relaciones internacionales:
Maestría en gobierno del territorio y gestión pública

Facultad de ciencias sociales:
Especialización en literatura infantil y juvenil
Maestría en estudios afrocolombianos

Facultad de enfermería:
Maestría del adulto mayor
Maestría en efermería oncológica
Maestría en cuidado crítico
Maestría en cuidado paliativos
Maestría en seguridad social y salud en el trabajo
Especialización en salud ocupacional
Especialización en cuiado críticos
Especialización en enfermería pediátrica

Facultad de ingeniería:
Maestría en bioingeniería
Maestría en analítica para la inteligencia de negocios

Facultad de psicología:
Departamento de psicología
Maestría en abordajes psicosociales para la construcción de culturas de paz

Facultad de odontología:
Centro de investigaciones odontológicas",,"Informe tercerización archivos administrativos PUJ Bogotá

Tablas de Retención Documental

Aplicación de TVD

Informe ejecutivo del Proyecto de Transformación de la Gestión Organizacional",,
,19,04/04/2019,"Informe nueva contratación proveedor ASE, entrega de archivos al nuevo contratista, estadisticas servicios relacioandos, plan de incentivos, propuesta actualización, TRD, análisis series históricas, custodia expedientes hoja de vida de trabajadores, eliminacion de archivos, informe javeriana Cali, Informe ITER

La empresa escogida para tercerización Archivos de Segunda Edad de la PUJ Bogotá fue MEMORY CORP S.A.

Se presenta una propuesta actualización Tablas de Retención Documental, tipologías documentales y nuevas TRDs. (Proyecto ITER): 

Se han presentado 128 TRD de las cuales 116 fueron aprobadas, 9 están en trámite, 3 para validar que son las de Formación Javeriana, el Centro para la Enseñanza y el Aprendizaje, y la Oficina de Investigación, Desarrollo e Innovación.","Informe AAS- Informe Cali - Informe Proyecto Iter, ",Anexo digital,,"Informe sobre la nueva contratación proveedor tercerización

Plan de incentivos

Propuesta actualización tablas de retención documental

Custodia expedientes Hojas de Vida de Trabajadores

Propuesta de eliminación documentos de archivo

Informe Ejecutivo Archivo Central Javeriana Cali",,
,20,25/07/2019,"Contrato tercerización custodia de archivos administrativos y servicios relacionados: Desmonte y entrega de archivos al nuevo contratista, estadísticas servicios de consulta. Plan de incentivos archivos administrativos 2018. Plan de trabajo unidades calificación insuficiente 2018.
Tablas de Retención Documental para aprobación. Mesa de trabajo análisis series históricas. Custodia expedientes hojas de vida de trabajadores. Propuestas de eliminación de documentos de archivo.
Informe ejecutivo Proyecto ITER.

","Informes, Acta Físca firmada","TRDs aprobadas sede Bogotá:

Vicerrectoría de investigación:
Centro javeriano de emprendimiento

Vicerrectoría administrativa:
Dirección de gestión humana
Oficina de Desarrollo Humano

Facultad de arquitectura y diseño:
Maestría en Diseño para la Innovación de Productos y Servicios

Facultad de ciencias:
Maestría en Restauración Ecológica

Facultad de ciencias económicas y administrativas:
Doctorado en Economía
Doctorado en Comunicación, Lenguajes e Información

Facultad de ciencias jurídicas:
Maestría en Derecho Administrativo
Maestría en Desarrollo Constitucional
Especialización en Derecho Financiero y Mercado de Valores

Facultad de ciencias políticas y relaciones internacionales:
Maestría en Estudios de Paz y Resolución de Conflictos
Maestría en Gobierno del Territorio y Gestión Pública

Facultad de comunicación y lenguaje:
Maestría en Periodismo Científico

Facultad de ingeniería:
Maestría en Energía y Sostenibilidad
Maestría en Logística y Transporte
Especialización en Gerencia de Proyectos y Tecnologías de la Información

Facultad de psicología:
Maestría en Niñez, Familia y Desarrollo de Contextos

Facultad de teología:
Bachillerato Eclesiástico en Teología",,"Contrato tercerización custodia de archivos administrativos

Plan de incentivos 

Tablas de Retención Documental.

Propuestas de eliminación de documentos de archivo",,
,21,21/02/2020,"Lectura y aprobación del Acta N. 20 (viernes 21 de febrero de 2020) Comité del SGAPUJ. Informes de la Coordinación de Archivos Administrativos CAA:
Informe anual del contrato de tercerización y servicios brindados a las unidades.Informe resultado análisis series históricas de la Universidad.
Aprobación de TRD nuevas y actualizaciones. Aplicación de TVD para aprobación. Presentación propuesta cambios en la metodología de aplicación de TVD de la Universidad. Propuesta plan de incentivos 2020. Eliminación de documentación facilitativa de las unidades.
Informe Ejecutivo Archivo Central Javeriana Cali. Informe Ejecutivo Proyecto ITER

Se aprueba la eliminación de documentación correspondiente a series facilitativas o series que están incluidas en las TRD con disposición final de eliminación

Se actualizan 3 TRD de las siguientes unidades: Dirección de Asuntos Estudiantiles, Instituto de Salud Pública ,Departamento de Microbiología","Informes de la coordinación de archivos administrativos, correspondencia e impresión

Informe ejecutivo archivo central javeriana cali 

Informe ejecutivo proyecto ITER","Acta y Anexos digital

TRDs aprobadas en Bogotá:
Vicerrectoría académica:
Dirección de asuntos estudiantiles

Vicerrectoría de investigación:
Maestría de estudios críticos de las migraciones contemporáneas
Instituto de salud pública
Maestría en salud pública

Vicerrectoría administrativa: 
Oficina de seguridad y salud en el trabajo

Facultad de ciencias:
Departamento de microbiología

Facultad de ciencias económicas y admistrativas:
Maestría en banca y finanzas
Maestría en estrategia, innovación y competitividad
Especialización en marketing estratégico
Especialización en gerencia estratégica de la innovación

Facultad de ciencias jurídicas:
Maestría en derecho laboral y seguridad social

Facultad de ciencias políticas y relaciones internacionales:
Maestría en estudios internacionales

Facultad de educación:
Licenciatura en educación física
Licenciatura en literatura y lengua castellana
Licenciatura en ciencias naturales y educaión ambiental
Licenciatura en filosofías",,"Informe anual del contrato de tercerización y servicios brindados a las unidades

Aprobación de TRD nuevas y actualizaciones.

Plan de incentivos",,
,22,13/11/2020,"Lectura y aprobación del Acta N. 21 de sesión del Comité del SGAPUJ del viernes 21 de febrero de 2020. Informes de la Coordinación de Archivos Administrativos, Correspondencia e Impresión. 

En el Informe Archivo Central Javeriana Cali  las TRD que están publicadas en el portal web del Archivo son 119 con sus respectivos cuadros de clasificación documental. Ahora bien hay un total de 154 TRD, 77 por actualizar, 115 aprobadas, y en proceso de aprobación 39.

Están pendientes 11 TRD por elaborar en las siguientes unidades administrativas, Rectoría 5, Vicerrectoría Académica 5 y Vicerrectoría Administrativa 1, en la Facultad de Ciencias de la Salud: 5, En la Facultad de Ciencias Económicas y Administrativas: 6,   En la Facultad de Humanidades y Ciencias Sociales: 6, en la Facultad de Ingeniería y Ciencias 4, en la Facultad de Creación y Habitat 7

Informe Ejecutivo Proyecto ITER. Varios","Informes de la coordinación de archivos administrativos 

Informe archivo central javeriana cali

Informe Ejecutivo Proyecto ITER
","Acta digital 

En cuanto a las Tablas de Retención Documental se tienen publicadas en el portal web del Archivo 119 con sus respectivos cuadros de clasificación documental.
Respecto a la gestión de TRD para el 2020, se tiene un total de 154, por actualizar 77, aprobadas  115 y en proceso y por aprobación 39.",,"Informes de la Coordinación de Archivos Administrativos, Correspondencia e Impresión

Informe Archivo Central Javeriana Cali

Informe Ejecutivo Proyecto ITER
",,
,23,10/12/2020,"Revisión y aprobación de Aplicación de Tablas de Valoración Documental a las siguientes diez unidades:
1. Facultades - Facultad de Ciencias
2. Facultades - Facultad de Ciencias Económicas y Administrativas
3. Facultades - Facultad de Comunicación y Lenguajes
4. Facultades - Facultad de Educación
5. Vicerrectoría Académica – Asistencia para el Aseguramiento de la Calidad y la Gestión Curricular
6. Vicerrectoría Académica – Asistencia de Asuntos Estudiantiles
7. Vicerrectoría Académica – Oficina del Vicerrector
8. Vicerrectoría Administrativa – Dirección de Tecnologías de Información
9. Vicerrectoría Administrativa - Proyecto SIU
10. Vicerrectoría Administrativa – Servicios de Alimentación","Sesión Extraordinaria

Correo de citación al primer Comité asincrónico","Acta digital 

Facultades:
Facultad de ciencias
Facultad de ciencias económicas y administrativas
Facultad de comunicación y lenguaje
Facultad de educación

Vicerrectoría académica:
Asistencia de Asuntos Estudiantiles
Oficina del Vicerrector

Vicerrectoría Administrativa:
Dirección de Tecnologías de Información
Proyecto SIU
Servicios de Alimentación",,Aprobación de TVD,,
,24,14/12/2020,"Revisión y aprobación de Aplicación de Tablas de Valoración Documental a las siguientes once unidades:
1. Facultad de Artes
2. Facultad de Ciencias Políticas y Relaciones Internacionales
3. Facultad de Derecho Canónico
4. Facultad de Medicina
5. Facultad de Psicología
6. Facultad de Teología
7. Asistencia de Rectoría
8. Secretaría de Asuntos Internacionales
9. Asistencia de Asuntos Profesorales
10. Programa de Asesoría Familiar
11. Oficina de Construcciones","Sesión Extraordinaria

Correo de citación al primer Comité asincrónico",Acta digital ,,Aprobación de TVD,,
,25,28/05/2021,"Lectura y aprobación de Actas:
Acta n. 22 Sesión del Comité del SGAPUJ del viernes 13 de noviembre de 2020 (enviada el 19 de noviembre de 2020)
Acta n. 23 Sesión Comité asincrónico n. 1 
Acta n. 24 Sesión Comité asincrónico n. 2.
Informes de la Coordinación de Archivos. Administrativos, Correspondencia e Impresión. Informe Archivo Central Javeriana Cali. Informe Ejecutivo Proyecto ITER

Aprobación de 20 TVD de las siguientes unidades: Facultad de Arquitectura y Diseño, Facultad de Ciencias Jurídicas, Facultad de Ciencias Sociales, Facultad de Ingeniería, Planeación de Planta Física, Secretaría Jurídica, Admisiones y Registro Académico, Instituto de Estudios Sociales y Culturales Pensar, Subcentro de Ciencias Sociales y Educación, Secretaría de Relaciones con Egresados, Editorial Pontificia Universidad Javeriana, Vicerrectoría de Investigación, Dirección de Investigación, Oficina para el Fomento de la Investigación, Centro de Asesoría Psicológica;Programa Javeriana por la Justicia y por la Paz, Dirección General de Recursos Humanos, Dirección General Financiera, Oficina de Operaciones, Oficina de Tesorería","Informes de la Coordinación de Archivos Administrativos, Correspondencia e Impresión 

TRDs aprobadas en Bogotá:
Rectoría:
Rector
Archivo Histórico Javeriano
Oficina de fomento de la responsabilidad social universitaria

Vicerrectoría académica:
Dirección de mercadero de programas académicos
Vicerrector

Vicerrectoría de extensión y relaciones interinstitucionales:
Oficina de movilidad estudiantil

Vicerrectoría administrativa:
Oficina de contabilidad
Oficina de selección
Oficina de construcciones
Dirección de servicios universitarios
Oficina de servicios generales

Facultad de ciencias:
Doctorado en ciencias y tecnología de materiales

Facultad de ciencias económicas y administrativas:
Maestría en estrategia, innovaicón y competitividad
Maestría en banca y finanzas

Facultad de ciencias jurídicas:
Maestría en derecho laboral y seguridad social

Facultad de ciencias políticas y relaciones internacionales:
Maestría en estudios internacionales

Facultad de educación:
Licenciatura en ciencias naturales y educación ambiental
Licenciatura en educación infantil
Licenciatura en educación física
Licenciatura en filosofía
Licenciatura en literatura y lengua castellana
Maestría en salud mental escolar

Facultad de estudios ambientales y rurales:
Instituto Javeriano del agua","Acta pendiente PDF firmas

TRDs aprobadas en Bogotá
Facultad de Arquitectura y Diseño 
Facultad de Ciencias Jurídicas 
Facultad de Ciencias Sociales 
Facultad de Ingeniería 
Planeación de Planta Física 
Secretaría Jurídica 
Admisiones y Registro Académico 
Instituto de Estudios Sociales y Culturales Pensar 
Subcentro de Ciencias Sociales y Educación 
Secretaría de Relaciones con Egresados 
Editorial Pontificia Universidad Javeriana 
Vicerrectoría de Investigación 
Dirección de Investigación 
Oficina para el Fomento de la Investigación 
Centro de Asesoría Psicológica 
Programa Javeriana por la Justicia y por la Paz 
Dirección General de Recursos Humanos 
Dirección General Financiera 
Oficina de Operaciones 
Oficina de Tesorería 

Rectoría:
Secretaría General

Facultad de Arquitectura y Diseño:
Maestría en Paisajes Artificiales

Facultad de Ciencias:
Carrera de Química Farmacéutica
Pregrado en Ciencia de Datos
 Maestría en Ciencias del Laboratorio Clínico
Maestría en Matemáticas

Facultad de Ciencias Económicas y Administrativas:
Carrera en Finanzas
Especialización en Marketing Estratégico
Especialización en Gerencia Estratégica de la Innovación
Especialización en Administración en Salud

Facultad de Comunicación y Lenguaje:
Carrera de Ciencia de la Información

Facultad de Derecho Canónico
Especialización en Derecho Matrimonial Canónico-virtual

Facultad de Educación:
Maestría en Educación para la Innovación y las Ciudadanías- virtual
 Especialización en Liderazgo para la Gestión Social- virtual

Facultad de Estudios Ambientales:
Especialización en Gestión de Empresas de la Economía Social y Solidaria- virtual

Facultad de Filosofía:
Instituto de Bioética
Maestría en Bioética

Facultad de Ingeniería:
Carrera de Ingeniería en Redes y Telecomunicaciones
Carrera de Bioingeniería
Maestría en Ingeniería del Internet de las Cosas
Maestría en Inteligencia Artificial
Maestría en Seguridad Digital
Carrera de Ingeniería Mecánica
Carrera de Ingeniería Mecatrónica

Facultad de Ciencias Sociales:
Maestría en Estudios Culturales Latinoamericanos

Facultad de Medicina:
Decanatura de Facultad de Medicina",,"Informes de la Coordinación de Archivos. Administrativos, Correspondencia e Impresión. Informe Archivo Central Javeriana Cali. Informe Ejecutivo Proyecto ITER
",,
,26,10/09/2021,"1. Verificación del Quórum
2. Lectura y aprobación del Acta N. 25 de la reunión del 28 de mayo de 2021
3. Informes de la Coordinación de Archivos Administrativos, Correspondencia e Impresión
4. Informe Archivo Central Javeriana Cali
5. Informe Ejecutivo Proyecto ITER
6. Varios

Se aprueban 13 TRD nuevas y 10 TRD de unidades para actualización de las siguientes unidades: Dirección de Mercadeo de Programas Académicos (Vicerrectoría Académica)
- Doctorado en Ciencias y Tecnología de Materiales (Fac. Ciencias)
- Maestría en Estrategia, Innovación y Competitividad (FCEA)
- Maestría en Banca y Finanzas (FCEA)
- Maestría en Derecho Laboral y Seguridad Social (Fac. Ciencias Jurídicas)
- Maestría en Estudios Internacionales (Fac. Ciencias Políticas y Relaciones Int.)
- Licenciatura en Ciencias Naturales y Educación Ambiental (Fac. Educación)
- Licenciatura en Educación Infantil (Fac. Educación)
- Licenciatura en Educación Física (Fac. Educación)
- Licenciatura en Filosofía (Fac. Educación)
- Licenciatura en Literatura y Lengua Castellana (Fac. Educación)
- Maestría en Salud Mental Escolar (Fac. Educación)
- Instituto Javeriano del Agua (Fac. Estudios Ambientales y Rurales)

y para actualizar","sin

Informes de la Coordinación de Archivos Administrativos, Correspondencia e Impresión 

Informe Archivo Central Javeriana Cali

TRDs aprobadas en Bogotá:
Programa Javeriano por la Justicia y por la Paz
Planeación de Planta Física
Oficina de Operaciones
Vicerrectoría de Investigación
Dirección de Investigación
Oficina para el Fomento de la Investigación
Admisiones y Registro Académico
Centro de Asesoría Psicológica
Instituto de Estudios Sociales y Culturales Pensar
Subcentro de Ciencias Sociales y Educación
Secretaría de Relaciones con EgresadosDirección General de Recursos Humanos

Informe Ejecutivo Proyecto ITER","Acta digital 

TRDs aprobadas en Bogotá:

Vicerrectoría Académica:
Dirección de Mercadeo de Programas Académicos

Facultad de ciencias:
Doctorado en Ciencias y Tecnología de Materiales

Facultad de ciencias económicas y administrativas:
Maestría en Estrategia, Innovación y Competitividad
Maestría en Banca y Finanzas

Facultad de ciencias jurídicas
Maestría en Derecho Laboral y Seguridad Social

Facultad de ciencias polítivas y relaciones internacionales:
Maestría en Estudios Internacionales

Facultad de educación:
Licenciatura en Ciencias Naturales y Educación Ambiental
Licenciatura en Educación Infantil
Licenciatura en Educación Física
Licenciatura en Filosofía
Licenciatura en Literatura y Lengua Castellana
Maestría en Salud Mental Escolar

Facultad de estudios ambientales y rurales:
Instituto Javeriano del Agua",,"Informes de la Coordinación de Archivos Administrativos, Correspondencia e Impresión

Informe Archivo Central Javeriana Cali

Informe Ejecutivo Proyecto ITER",,
,27,28/01/2022,"De acuerdo con el Objetivo del Comité asincrónico N. 3, se sometió a consideración, la aplicación de la Tabla de Valoración de la Facultad de Filosofía.","correo de citación al tercer Comité asincrónico

TRDs aprobadas en Bogotá:
Secretaría General:
Emisora Javeriana",Acta digital ,,Aprobación de TVD,,
,28,21/10/2022,"1. Verificación del Quórum
2. Lectura y aprobación del Acta N. 26 de la reunión del 28 de mayo de 2021 y Acta N. 27 del Comité Asincrónico del día 28 de enero de 2022
3. Informes de la Coordinación de Gestión Documental Archivos Administrativos, Correspondencia e Impresión
4. Informe Archivo Central Javeriana Cali
5. Informe Ejecutivo Proyecto ITER
6. Varios","sin anexos 

Informes de la Coordinación de Gestión Documenta

Informe Archivo Central Javeriana Cali

Informe Ejecutivo Proyecto ITER ","pendiente firma Dr. Cifuentes acta

Vicerrectoría académica:
Dirección de asuntos estudiantiles
Dirección de asuntos profesorales
Editorial Pontificia Universidad Javeriana

Vicerrectoría de investigación:
Maestría de estudios críticos de las migraciones contemporáneas
Maestría en salud pública

Vicerrectoría del medio universitario:
Centro de gestión cultural

Vicerrectoría administrativa:
Oficina de desarrollo de planta física
Oficina de relaciones laborales

Facultad de ciencias:
Unidad de biología comparativa

Facultad de medicina:
Institute de envejecimiento

Facultad de teología:
Decanatura de facultad

Todas las facultades:
Secretarías de facultad",,"Informes de la Coordinación de Gestión Documental Archivos Administrativos, Correspondencia e Impresión

Informe Archivo Central Javeriana Cali

Informe Ejecutivo Proyecto ITER
",,
,29,28/07/2023,"Borrador en word

Hay un total de 29 TRD de las cuales 3 son nuevas y 26 de actualización. 

Las siguientes son las TRD (nuevas – N, y actualizaciones - A) para formalizar: 

Vicerrectoría Académica - Dirección de Asuntos Estudiantiles (A) 

Vicerrectoría Académica - Dirección de Asuntos Profesorales (A) 

Vicerrectoría Académica - Editorial Pontificia Universidad Javeriana (A) 

Vicerrectoría de Investigación - Maestría de Estudios Críticos de las Migraciones Contemporáneas (N) 

Vicerrectoría de Investigación - Maestría en Salud Pública (N) 

Vicerrectoría del Medio Universitario – Centro de Gestión Cultural (A) 

Vicerrectoría Administrativa – Oficina de Desarrollo de Planta Física (A) 

Vicerrectoría Administrativa – Oficina de Relaciones Laborales (A) 

Facultad de Ciencias – Unidad de Biología Comparativa (N) 

Facultad de Medicina – Instituto de Envejecimiento (A) 

Facultad de Teología - Decanatura de Facultad (A) 

12 – 29. Todas las Facultades - Secretarías de Facultad (A) ","Informe ASE, Iter, Falta Cali

Informe Archivo Central Javeriana Cali","pendiente lectura y firma 

TRDs aprobadas en Bogotá;

Vicerrectoría Académica:
Dirección de Asuntos Estudiantiles
Dirección de Asuntos Profesorales
Editorial Pontificia Universidad Javeriana

Vicerrectoría de Investigación:
Maestría de Estudios Críticos de las Migraciones Contemporáneas
Maestría en Salud Pública

Vicerrectoría del Medio Universitario:
Centro de Gestión Cultural

Vicerrectoría Administrativa:
Oficina de Desarrollo de Planta Física
Oficina de Relaciones Laborales

Facultad de Ciencias:
Unidad de Biología Comparativa

Facultad de Medicina:
Instituto de Envejecimiento

Facultad de Teología:
Decanatura de Facultad

Todas las Facultades
Secretarías de Facultad",,Informes de la Coordinación de Gestión Documental,,
,30,23/08/2024,En proceso ,,,,,,
