VersionTRD,CodigoReferencia,CodigoGeografico,CodigoSerie,Serie,CodigoSubserie,Subserie,CodigoSerieSubserie,Asunto,EstadoExpediente,FechaCierre,EstadoFaseArchivo,Volumen,NoFolios,NumeroDocumentos,FechaInicial,FechaFinal,NumeroCajaCustodioASE,NumeroCarpetaCustodioASE,Deposito,Area,Piso,TipoMobiliario,Bloque,Lado,Estante,Entrepaño,NumeroCajaFisica,NumeroCarpetaFisica,UbicacionArchivoGestion,UbicacionArchivoCentralASE,UbicacionArchivoHistorico,Unidadqueelaboró,Contenido,NumerodeOrden,NumerodeOrden,Fondo,Subfondo,Seccion,Subseccion,UnidadConservacionySoporte,ArchivoaTransferir,Observaciones,AgrupacionDocumental,Disposicion Final,NumeroCajaCustodio,NumeroCarpetaCustodio,Estado,HojaOrigen
,VRA-FAC-AD-DEP-DDI,BOG,,ACTAS,,ACTAS DE COMITE DEPARTAMENTO,,ACTAS DE COMITE DEPARTAMENTO AÑO 2012,CERRADO,2012,ARCHIVO HISTORICO,1,198,,20/01/2012,29/10/2012,,,DC,,,RO,16,B,5,7,68,1178,,,B16-LB-ES5-EN7-CJ68-CP1178,DEPARTAMENTO DE DISEÑO,"ACTA N 115 COMITE DEPARTAMENTO 
ACTA N 116 COMITE DEPARTAMENTO COMUNICACIONES CORREOS FORMULARIO CALIFICACION Y EVALUACION FORMATO INTERNO PARA FORMULACION DE PROYECTOS 
ACTA N 117 COMITE DEPARTAMENTO CORREOS PROPUESTA PROYECTO COMUNICACIONES PLAN DE TRABAJO FORMULARIO CALIFICACION Y EVALUACION POLITICAS Y LINEAS DE INVESTIGACION FORMATO INTERNO PARA FORMULACION DE PROYECTOS 
ACTA N 118 COMITE DEPARTAMENTO CORREOS COMUNICACIONES FORMATO PRESENTACION DE PROYECTO 
ACTA N 119 COMITE DEPARTAMENTO CORREOS FORMULARIO DE CALIFICACION Y EVALUACION IDENTIFICACION DEL PROYECTO FORMATO DE PRESUPUESTO 
ACTA N 120 COMITE DEPARTAMENTO CORREOS FORMULARIO DE CALIFICACION Y EVALUACION IDENTIFICACION DEL PROYECTO PRESUPUESTO PROPUESTA PROYECTO COMUNICACIONES FORMATO PRESENTACION DE PROYECTO PROPUESTA Y ACLARACIONES ",1,1,PONTIFICIA UNIVERSIDAD JAVERIANA,VICERRECTORIA ACADEMICA,FACULTAD DE ARQUITECTURA Y DISEÑO,DEPARTARMENTO DE DISEÑO,CARPETA,ARCHIVO HISTORICO,,,CONSERVACION TOTAL,,,PENDIENTE,MAESTDPVRACFACADDAC2023
,VRA-FAC-AD-DEP-DDI,BOG,,ACTAS,,ACTAS DE COMITE DEPARTAMENTO,,ACTAS DE COMITE DEPARTAMENTO AÑO 2013,CERRADO,2013,ARCHIVO HISTORICO,1,142,,19/02/2013,01/11/2013,,,DC,,,RO,16,B,5,7,68,1179,,,B16-LB-ES5-EN7-CJ68-CP1179,DEPARTAMENTO DE DISEÑO,"ACTA N 121 COMITE DEPARTAMENTO Y CIRCULAR
ACTA N 122 COMITE DEPARTAMENTO 
ACTA N 123 COMITE DEPARTAMENTO CORREOS ELECTRONICOS INFORME EVALUACION DE PROYECTO FORMTO PRESENTACION DE PROYECTO COMUNICACIONES PROPUESTA PRESUPUESTAL 
ACTA N 124 COMITE DEPARTAMENTO PROPUESTA PROYECTO CORREOS FORMULARIO CALIFICACION Y EVALUACION CONVOCATORIA INTERNA 
ACTA N 125 COMITE DEPARTAMENTO CORREOS FORMULARIO CALIFICACION EVALUACION PROPUESTA PROYECTO 
ACTA N 126 COMITE DEPARTAMENTO CORREOS FORMULARIO CALIFICACION EVALUACION IDENTIFICACION DEL PROYECTO ",2,2,PONTIFICIA UNIVERSIDAD JAVERIANA,VICERRECTORIA ACADEMICA,FACULTAD DE ARQUITECTURA Y DISEÑO,DEPARTARMENTO DE DISEÑO,CARPETA,ARCHIVO HISTORICO,,,CONSERVACION TOTAL,,,PENDIENTE,MAESTDPVRACFACADDAC2023
,VRA-FAC-AD-DEP-DDI,BOG,,ACTAS,,ACTAS DE COMITE DEPARTAMENTO,,ACTAS DE COMITE DEPARTAMENTO AÑO 2014,CERRADO,2014,ARCHIVO HISTORICO,1,13,,06/08/2014,26/11/2014,,,DC,,,RO,16,B,5,7,68,1180,,,B16-LB-ES5-EN7-CJ68-CP1180,DEPARTAMENTO DE DISEÑO,"ACTA 0127 
ACTA 0128 
ACTA 0129
ACTA 0130
ACTA 0131",3,3,PONTIFICIA UNIVERSIDAD JAVERIANA,VICERRECTORIA ACADEMICA,FACULTAD DE ARQUITECTURA Y DISEÑO,DEPARTARMENTO DE DISEÑO,CARPETA,ARCHIVO HISTORICO,,,CONSERVACION TOTAL,,,PENDIENTE,MAESTDPVRACFACADDAC2023
,VRA-FAC-AD-DEP-DDI,BOG,,ACTAS,,ACTAS DE COMITE DEPARTAMENTO,,ACTAS DE COMITE DEPARTAMENTO AÑO 2015,CERRADO,2015,ARCHIVO HISTORICO,1,21,,23/01/2015,11/12/2015,,,DC,,,RO,16,B,5,7,68,1181,,,B16-LB-ES5-EN7-CJ68-CP1181,DEPARTAMENTO DE DISEÑO,"ACTA 0132
ACTA 0133
ACTA 0134
ACTA 0135
ACTA 0136
ACTA 0137 
ACTA 0138
ACTA 0139
ACTA 0140
ACTA 0141
ACTA 0142",4,4,PONTIFICIA UNIVERSIDAD JAVERIANA,VICERRECTORIA ACADEMICA,FACULTAD DE ARQUITECTURA Y DISEÑO,DEPARTARMENTO DE DISEÑO,CARPETA,ARCHIVO HISTORICO,,,CONSERVACION TOTAL,,,PENDIENTE,MAESTDPVRACFACADDAC2023
,VRA-FAC-AD-DEP-DDI,BOG,,ACTAS,,ACTAS DE COMITE DEPARTAMENTO,,ACTAS DE COMITE DEPARTAMENTO AÑO 2016,CERRADO,2016,ARCHIVO HISTORICO,1,29,,18/10/2016,30/11/2016,,,DC,,,RO,16,B,5,7,68,1182,,,B16-LB-ES5-EN7-CJ68-CP1182,DEPARTAMENTO DE DISEÑO,"ACTA DE REUNION NUMERO 143
ACTA DE REUNION NUMERO 144
ACTA DE REUNION NUMERO 145
ACTA DE REUNION NUMERO 146
ACTA DE REUNION NUMERO 147
ACTA DE REUNION NUMERO 148
ACTA DE REUNION NUMERO 149",5,5,PONTIFICIA UNIVERSIDAD JAVERIANA,VICERRECTORIA ACADEMICA,FACULTAD DE ARQUITECTURA Y DISEÑO,DEPARTARMENTO DE DISEÑO,CARPETA,ARCHIVO HISTORICO,,,CONSERVACION TOTAL,,,PENDIENTE,MAESTDPVRACFACADDAC2023
,VRA-FAC-AD-DEP-DDI,BOG,,ACTAS,,ACTAS DE COMITE DEPARTAMENTO,,ACTAS DE COMITE DEPARTAMENTO AÑO 2017,CERRADO,2017,ARCHIVO HISTORICO,1,44,,18/01/2017,05/12/2017,,,DC,,,RO,16,B,5,7,68,1183,,,B16-LB-ES5-EN7-CJ68-CP1183,DEPARTAMENTO DE DISEÑO,"ACTA DE REUNION NUMERO 163
ACTA DE REUNION NUMERO 164
ACTA DE REUNION NUMERO 165
ACTA DE REUNION NUMERO 166
ACTA DE REUNION NUMERO 167
ACTA DE REUNION NUMERO 168
ACTA DE REUNION NUMERO 169
ACTA DE REUNION NUMERO 170
ACTA DE REUNION NUMERO 171
ACTA DE REUNION NUMERO 172
ACTA DE REUNION NUMERO 173
ACTA DE REUNION NUMERO 174",6,6,PONTIFICIA UNIVERSIDAD JAVERIANA,VICERRECTORIA ACADEMICA,FACULTAD DE ARQUITECTURA Y DISEÑO,DEPARTARMENTO DE DISEÑO,CARPETA,ARCHIVO HISTORICO,,,CONSERVACION TOTAL,,,PENDIENTE,MAESTDPVRACFACADDAC2023
,VRA-FAC-AD-DEP-DDI,BOG,,ACTAS,,ACTAS DE COMITE DEPARTAMENTO,,ACTAS DE COMITE DEPARTAMENTO AÑO 2018,CERRADO,2018,ARCHIVO HISTORICO,1,23,,/05/2018,07/12/2018,,,DC,,,RO,,,,,,,,,,DEPARTAMENTO DE DISEÑO,"ACTA DE REUNION NUMERO 163
ACTA DE REUNION NUMERO 164
ACTA DE REUNION NUMERO 165
ACTA DE REUNION NUMERO 166
ACTA DE REUNION NUMERO 167
ACTA DE REUNION NUMERO 168
ACTA DE REUNION NUMERO 169
ACTA DE REUNION NUMERO 170
ACTA DE REUNION NUMERO 171
ACTA DE REUNION NUMERO 172
ACTA DE REUNION NUMERO 173
ACTA DE REUNION NUMERO 174",7,7,PONTIFICIA UNIVERSIDAD JAVERIANA,VICERRECTORIA ACADEMICA,FACULTAD DE ARQUITECTURA Y DISEÑO,DEPARTARMENTO DE DISEÑO,,ARCHIVO HISTORICO,LA CARPETA NO INGRESO EN LA TRANSFERENCIA DOCUMENTAL,,CONSERVACION TOTAL,,,PENDIENTE,MAESTDPVRACFACADDAC2023
,VRAC-FAC-AD-PRE-CAR,BOG,,ACTAS,,ACTAS DE COMITE DEPARTAMENTO,,ACTAS DE COMITE DEPARTAMENTO AÑO 2012,CERRADO,29/10/2012,ARCHIVO HISTORICO,2,198,,20/01/2012,29/10/2012,,,DC,RO,,RO,16,B,5,7,68,1178,,,B16-LB-ES5-EN7-CJ68-CP1178,DEPARTAMENTO DE DISEÑO,"ACTA N 115 COMITE DEPARTAMENTO 
ACTA N 116 COMITE DEPARTAMENTO COMUNICACIONES CORREOS FORMULARIO CALIFICACION Y EVALUACION FORMATO INTERNO PARA FORMULACION DE PROYECTOS 
ACTA N 117 COMITE DEPARTAMENTO CORREOS PROPUESTA PROYECTO COMUNICACIONES PLAN DE TRABAJO FORMULARIO CALIFICACION Y EVALUACION POLITICAS Y LINEAS DE INVESTIGACION FORMATO INTERNO PARA FORMULACION DE PROYECTOS 
ACTA N 118 COMITE DEPARTAMENTO CORREOS COMUNICACIONES FORMATO PRESENTACION DE PROYECTO 
ACTA N 119 COMITE DEPARTAMENTO CORREOS FORMULARIO DE CALIFICACION Y EVALUACION IDENTIFICACION DEL PROYECTO FORMATO DE PRESUPUESTO 
ACTA N 120 COMITE DEPARTAMENTO CORREOS FORMULARIO DE CALIFICACION Y EVALUACION IDENTIFICACION DEL PROYECTO PRESUPUESTO PROPUESTA PROYECTO COMUNICACIONES FORMATO PRESENTACION DE PROYECTO PROPUESTA Y ACLARACIONES ",1,8,PONTIFICIA UNIVERSIDAD JAVERIANA,VICERRECTORIA ACADEMICA,FACULTAD DE ARQUITECTURA Y DISEÑO,DEPARTARMENTO DE DISEÑO,CARPETA,ARCHIVO HISTORICO,,,CONSERVACION TOTAL,,,PENDIENTE,MAESTDPVRACFACADDEPDDI2023
,VRAC-FAC-AD-PRE-CAR,BOG,,ACTAS,,ACTAS DE COMITE DEPARTAMENTO,,ACTAS DE COMITE DEPARTAMENTO AÑO 2013,CERRADO,01/11/2013,ARCHIVO HISTORICO,2,142,,19/02/2013,01/11/2013,,,DC,RO,,RO,16,B,5,7,68,1179,,,B16-LB-ES5-EN7-CJ68-CP1179,DEPARTAMENTO DE DISEÑO,"ACTA N 121 COMITE DEPARTAMENTO Y CIRCULAR
ACTA N 122 COMITE DEPARTAMENTO 
ACTA N 123 COMITE DEPARTAMENTO CORREOS ELECTRONICOS INFORME EVALUACION DE PROYECTO FORMTO PRESENTACION DE PROYECTO COMUNICACIONES PROPUESTA PRESUPUESTAL 
ACTA N 124 COMITE DEPARTAMENTO PROPUESTA PROYECTO CORREOS FORMULARIO CALIFICACION Y EVALUACION CONVOCATORIA INTERNA 
ACTA N 125 COMITE DEPARTAMENTO CORREOS FORMULARIO CALIFICACION EVALUACION PROPUESTA PROYECTO 
ACTA N 126 COMITE DEPARTAMENTO CORREOS FORMULARIO CALIFICACION EVALUACION IDENTIFICACION DEL PROYECTO",2,9,PONTIFICIA UNIVERSIDAD JAVERIANA,VICERRECTORIA ACADEMICA,FACULTAD DE ARQUITECTURA Y DISEÑO,DEPARTARMENTO DE DISEÑO,CARPETA,ARCHIVO HISTORICO,,,CONSERVACION TOTAL,,,PENDIENTE,MAESTDPVRACFACADDEPDDI2023
,VRAC-FAC-AD-PRE-CAR,BOG,,ACTAS,,ACTAS DE COMITE DEPARTAMENTO,,ACTAS DE COMITE DEPARTAMENTO AÑO 2014,CERRADO,26/11/2014,ARCHIVO HISTORICO,2,13,,06/08/2014,26/11/2014,,,DC,RO,,RO,16,B,5,7,68,1180,,,B16-LB-ES5-EN7-CJ68-CP1180,DEPARTAMENTO DE DISEÑO,"ACTA 0127
ACTA 0128 
ACTA 0129
ACTA 0130
ACTA 0131",3,10,PONTIFICIA UNIVERSIDAD JAVERIANA,VICERRECTORIA ACADEMICA,FACULTAD DE ARQUITECTURA Y DISEÑO,DEPARTARMENTO DE DISEÑO,CARPETA,ARCHIVO HISTORICO,,,CONSERVACION TOTAL,,,PENDIENTE,MAESTDPVRACFACADDEPDDI2023
,VRAC-FAC-AD-PRE-CAR,BOG,,ACTAS,,ACTAS DE COMITE DEPARTAMENTO,,ACTAS DE COMITE DEPARTAMENTO AÑO 2015,CERRADO,11/12/2015,ARCHIVO HISTORICO,2,21,,23/01/2015,11/12/2015,,,DC,RO,,RO,16,B,5,7,68,1181,,,B16-LB-ES5-EN7-CJ68-CP1181,DEPARTAMENTO DE DISEÑO,"ACTA 0132
ACTA 0133
ACTA 0134
ACTA 0135
ACTA 0136
ACTA 0137 
ACTA 0138
ACTA 0139
ACTA 0140
ACTA 0141
ACTA 0142",4,11,PONTIFICIA UNIVERSIDAD JAVERIANA,VICERRECTORIA ACADEMICA,FACULTAD DE ARQUITECTURA Y DISEÑO,DEPARTARMENTO DE DISEÑO,CARPETA,ARCHIVO HISTORICO,,,CONSERVACION TOTAL,,,PENDIENTE,MAESTDPVRACFACADDEPDDI2023
,VRAC-FAC-AD-PRE-CAR,BOG,,ACTAS,,ACTAS DE COMITE DEPARTAMENTO,,ACTAS DE COMITE DEPARTAMENTO AÑO 2016,CERRADO,30/11/2016,ARCHIVO HISTORICO,2,29,,18/10/2016,30/11/2016,,,DC,RO,,RO,16,B,5,7,68,1182,,,B16-LB-ES5-EN7-CJ68-CP1182,DEPARTAMENTO DE DISEÑO,"ACTA DE REUNION NUMERO 143
ACTA DE REUNION NUMERO 144
ACTA DE REUNION NUMERO 145
ACTA DE REUNION NUMERO 146
ACTA DE REUNION NUMERO 147
ACTA DE REUNION NUMERO 148
ACTA DE REUNION NUMERO 149",5,12,PONTIFICIA UNIVERSIDAD JAVERIANA,VICERRECTORIA ACADEMICA,FACULTAD DE ARQUITECTURA Y DISEÑO,DEPARTARMENTO DE DISEÑO,CARPETA,ARCHIVO HISTORICO,,,CONSERVACION TOTAL,,,PENDIENTE,MAESTDPVRACFACADDEPDDI2023
,VRAC-FAC-AD-PRE-CAR,BOG,,ACTAS,,ACTAS DE COMITE DEPARTAMENTO,,ACTAS DE COMITE DEPARTAMENTO AÑO 2017,CERRADO,05/12/2017,ARCHIVO HISTORICO,2,44,,18/01/2017,05/12/2017,,,DC,RO,,RO,16,B,5,7,68,1183,,,B16-LB-ES5-EN7-CJ68-CP1183,DEPARTAMENTO DE DISEÑO,"ACTA DE REUNION NUMERO 150
ACTA DE REUNION NUMERO 150
ACTA DE REUNION NUMERO 151
ACTA DE REUNION NUMERO 152
ACTA DE REUNION NUMERO 153
ACTA DE REUNION NUMERO 154
ACTA DE REUNION NUMERO 155
ACTA DE REUNION NUMERO 156
ACTA DE REUNION NUMERO 157
ACTA DE REUNION NUMERO 158
ACTA DE REUNION NUMERO 159
ACTA DE REUNION NUMERO 160
ACTA DE REUNION NUMERO 161
ACTA DE REUNION NUMERO 162",6,13,PONTIFICIA UNIVERSIDAD JAVERIANA,VICERRECTORIA ACADEMICA,FACULTAD DE ARQUITECTURA Y DISEÑO,DEPARTARMENTO DE DISEÑO,CARPETA,ARCHIVO HISTORICO,,,CONSERVACION TOTAL,,,PENDIENTE,MAESTDPVRACFACADDEPDDI2023
,VRAC-FAC-AD-PRE-CAR,BOG,,ACTAS,,ACTAS DE COMITE DEPARTAMENTO,,ACTAS DE COMITE DEPARTAMENTO AÑO 2018,CERRADO,07/12/2018,ARCHIVO HISTORICO,2,23,,05/2018,07/12/2018,,,DC,RO,,RO,,,,,,,,,,DEPARTAMENTO DE DISEÑO,,7,14,PONTIFICIA UNIVERSIDAD JAVERIANA,VICERRECTORIA ACADEMICA,FACULTAD DE ARQUITECTURA Y DISEÑO,DEPARTARMENTO DE DISEÑO,CARPETA,ARCHIVO HISTORICO,LA CARPETA NO INGRESO EN LA TRANSFERENCIA DOCUMENTAL,,CONSERVACION TOTAL,,,PENDIENTE,MAESTDPVRACFACADDEPDDI2023
,VRAC-FAC-AD-DF,BOG,,ACTAS,,ACTAS DEL COMITE DE INVESTIGACIONES,,COMITE DE INVESTIGACION Y ETICA,CERRADO,2014,ARCHIVO HISTORICO,1,169,,21/01/2013,01/04/2014,,,DC,,,RO,17,A,3,7,62,1120,,,B17-LA-ES3-EN7-CJ62-CP1120,DECANATURA DE LA FACULTAD,"ACTAS
COMUNICADOS
PROPUESTAS DE INVESTIGACION
APLICACION WEB DE AUTODIAGNOSTICO EN GESTION DE DISEÑO Y DESARROLLO DE PRODUCTOS: CREACION E INNOVACION COMO PROCESO EVOLUTIVO ABIERTO EN LOS MUNDOS VIRTUALES
NUEVA POLITICA DE INVESTIGACION EN LA UNIVERSIDAD
ENSAYOS EN MESA VIBRATORIA DE CAPILLAS DOCTRINERAS
HASTA EL CUELLO
ANALISIS DE LAS MEMORAS DESCRIPTIVAS
ENTRE OTROS",1,15,PONTIFICIA UNIVERSIDAD JAVERIANA,VICERRECTORIA ACADEMICA,FACULTAD DE ARQUITECTURA Y DISEÑO,DECANATURA DE FACULTAD,CARPETA,ARCHIVO HISTORICO,,,CONSERVACION TOTAL,,,PENDIENTE,MAESTDPVRACFACADDF2018
,VRAC-FAC-AD-DF,BOG,,ACTAS,,ACTAS DEL COMITE DE INVESTIGACIONES,,COMITE DE INVESTIGACION Y ETICA,CERRADO,2014,ARCHIVO HISTORICO,3,214,,19/03/2014,29/07/2014,,,DC,,,RO,17,A,3,7,62,1121,,,B17-LA-ES3-EN7-CJ62-CP1121,DECANATURA DE LA FACULTAD,"ACTAS
COMUNICADOS
PROPUESTAS DE INVESTIGACION
DISEÑO DE UN SERVICIO DE CUIDADO DE LA SALUD AMIGABLE CON LOS NIÑOS DEL SERVICIO DE PEDIATRIA HUSI
ESPACIOS PLEGADOS
EXPLORACION TEORICA Y MORFOLOGICA
ESTUDIO COMPARATIVO ENTRE LOS MACROPROYECTOS FORMULADOS EN COLOMBIA CON LOS NEW TOWN
TALLER DE CARTOGRAFIA SOCIAL DEL PATRIMONIO",2,16,PONTIFICIA UNIVERSIDAD JAVERIANA,VICERRECTORIA ACADEMICA,FACULTAD DE ARQUITECTURA Y DISEÑO,DECANATURA DE FACULTAD,CARPETA,ARCHIVO HISTORICO,,,CONSERVACION TOTAL,,,PENDIENTE,MAESTDPVRACFACADDF2018
,VRAC-FAC-AD-DF,BOG,,ACTAS,,ACTAS DEL COMITE DE INVESTIGACIONES,,COMITE DE INVESTIGACION Y ETICA,CERRADO,2014,ARCHIVO HISTORICO,2,155,,28/04/2014,28/04/2014,,,DC,,,RO,17,A,3,7,62,1122,,,B17-LA-ES3-EN7-CJ62-CP1122,DECANATURA DE LA FACULTAD,"ACTAS
COMUNICADOS
PROPUESTAS DE INVESTIGACION
APROXIMACION COMPRENSIVA A LA CONTRUCCION TERRITORIAL DE AGUA DE DIOS
VALORACION PATRIMONIAL DEL FC DE LA DORADA, DESDE LA TRANSFORMACION DEL TERRITORIO EN EL TRANSITO ENTRE EL BAJO Y EL ALTO MAGDALENA",3,17,PONTIFICIA UNIVERSIDAD JAVERIANA,VICERRECTORIA ACADEMICA,FACULTAD DE ARQUITECTURA Y DISEÑO,DECANATURA DE FACULTAD,CARPETA,ARCHIVO HISTORICO,,,CONSERVACION TOTAL,,,PENDIENTE,MAESTDPVRACFACADDF2018
,VRAC-FAC-AD-DF,BOG,,ACTAS,,ACTAS DEL COMITE DE INVESTIGACIONES,,COMITE DE INVESTIGACION Y ETICA,CERRADO,2014,ARCHIVO HISTORICO,4,196,,26/08/2014,31/10/2014,,,DC,,,RO,17,A,3,7,62,1123,,,B17-LA-ES3-EN7-CJ62-CP1123,DECANATURA DE LA FACULTAD,"ACTAS
COMUNICADOS
PROPUESTAS DE INVESTIGACION
EL PERFIL ETICO DEL DOCENTE Y DEL PROFESIONAL DISEÑADOR INDUSTRIAL JAVERIANO
CONTRASTE SONORO EL DISEÑO DE ARTEFACTOS SONOROS URBANOS
LA CIUDAD COMO CANTERA URBANA, UNA DEMOLICION CONSTRUCTIVA, ANALISIS Y MANIPULACION
DEFINICION DE PARAMETROS FORMALES DE ASIENTO Y DEL ESPALDAR DE SILLAS ESCOLARES",4,18,PONTIFICIA UNIVERSIDAD JAVERIANA,VICERRECTORIA ACADEMICA,FACULTAD DE ARQUITECTURA Y DISEÑO,DECANATURA DE FACULTAD,CARPETA,ARCHIVO HISTORICO,,,CONSERVACION TOTAL,,,PENDIENTE,MAESTDPVRACFACADDF2018
,VRAC-FAC-AD-DF,BOG,,ACTAS,,ACTAS DEL COMITE DE INVESTIGACIONES,,COMITE DE INVESTIGACION Y ETICA,CERRADO,2015,ARCHIVO HISTORICO,7,246,,10/12/2014,16/12/2015,,,DC,,,RO,17,A,3,7,62,1124,,,B17-LA-ES3-EN7-CJ62-CP1124,DECANATURA DE LA FACULTAD,"ACTAS
COMUNICADOS
PROPUESTAS DE INVESTIGACION
ARQUITECTURA DE LOS COLEGIOS DE LA COMPAÑIA DE JESUS EN COLOMBIA
FORMULACION DE INDICADORES PARA CAMPUS SUSTENTABLES EN EL CONTEXTO DE AUSJAL
INFORME PROYECTO HACIA UN MODELO DE ORDENAMIENTO LOCAL DEL TERRITORIO
ESTUDIO COMPARATIVO ENTRE MACRO PROYECTOS URBANOS
ANALISIS DE LAS MEMORIAS DESCRIPTIVAS Y PLANIMETRIAS DEL PROYECTO ARQUITECTONICO EN LAS BIENALES
JUSTICIA ESPACIAL URBANA, CONCEPTOS Y METODOS DE MEDICION",5,19,PONTIFICIA UNIVERSIDAD JAVERIANA,VICERRECTORIA ACADEMICA,FACULTAD DE ARQUITECTURA Y DISEÑO,DECANATURA DE FACULTAD,CARPETA,ARCHIVO HISTORICO,,,CONSERVACION TOTAL,,,PENDIENTE,MAESTDPVRACFACADDF2018
,VRAC-FAC-AD-DF,BOG,,ACTAS,,ACTAS DEL COMITE DE INVESTIGACIONES,,COMITE DE INVESTIGACION Y ETICA,CERRADO,2015,ARCHIVO HISTORICO,5,205,,10/09/2014,05/05/2015,,,DC,,,RO,17,A,3,7,62,1125,,,B17-LA-ES3-EN7-CJ62-CP1125,DECANATURA DE LA FACULTAD,"ACTAS
COMUNICADOS
PROPUESTAS DE INVESTIGACION
LA IDEA DE MATERIALIDAD EN LA CREACION DEL OBJETO ARQUITECTONICO
UN ANALISIS DE LA CREACION FORMAL
ESTUDIO EXPLORATIVO DE LAS PRACTICAS PRE PROFESIONALES DE LA CARRERA DE DISEÑO INDUSTRIAL
CENTRO HISTORICO Y TERRITORIO, ECOSISTEMA CULTURAL MOMPOSINO
ESTADO DEL ARTE EN LA INVESTIGACION PROYECTUAL EN DISEÑO
EMPRENDIMIENTO EN EL DISEÑADOR INDUSTRIAL EN COLOMBIA
ANALISIS DE LAS MEMORIAS DESCRIPTIVAS Y PLANIMETRIAS DEL PROYECTO ARQUITECTONICO EN LAS BIENALES
DECISION COMITE ASESOR DE INVESTIGACION FRENTE AL PROYECTO EL PERFIL ETICO DEL DOCENTE Y PROFESIONAL DISEÑADOR INDUSTRIAL JAVERIANO EN COLOMBIA
CARTA NOMBRAMIENTO Y AGRADECIMIENTO ASESORES EXTERNOS
EL PAPEL DE LA TECNOLOGIA COMO RESPUESTA AL GRADO DE INSOSTENIBILIDAD AMBIENTAL",6,20,PONTIFICIA UNIVERSIDAD JAVERIANA,VICERRECTORIA ACADEMICA,FACULTAD DE ARQUITECTURA Y DISEÑO,DECANATURA DE FACULTAD,CARPETA,ARCHIVO HISTORICO,,,CONSERVACION TOTAL,,,PENDIENTE,MAESTDPVRACFACADDF2018
,VRAC-FAC-AD-DF,BOG,,ACTAS,,ACTAS DEL COMITE DE INVESTIGACIONES,,COMITE DE INVESTIGACION Y ETICA,CERRADO,2015,ARCHIVO HISTORICO,6,211,,09/10/2013,28/07/2015,,,DC,,,RO,17,A,3,7,62,1126,,,B17-LA-ES3-EN7-CJ62-CP1126,DECANATURA DE LA FACULTAD,"ACTAS
COMUNICADOS
PROPUESTAS DE INVESTIGACION
10X10 HETEROTIPIAS DE LO PUBLICO
CAVERNA ARQUITECTURA VERNACULA COLOMBIANA
CONDICIONES PARA LA IMPLEMENTACION DE HUERTAS VITALES MOVILES EN ASENTAMIENTOS INFORMALES
EVALUACION DE LA SOSTENIBILIDAD AMBIENTAL EN DIFERENTES REGIONES DEL PAIS
BOGOTA INTERACCIONES URBANAS Y MOVILIDAD",7,21,PONTIFICIA UNIVERSIDAD JAVERIANA,VICERRECTORIA ACADEMICA,FACULTAD DE ARQUITECTURA Y DISEÑO,DECANATURA DE FACULTAD,CARPETA,ARCHIVO HISTORICO,,,CONSERVACION TOTAL,,,PENDIENTE,MAESTDPVRACFACADDF2018
,VRAC-FAC-AD-DF,BOG,,INFORMES,,INFORMES DE DIRECTIVOS,,INFORME DE GESTION,CERRADO,2015,ARCHIVO HISTORICO,1,30,,19/02/2013,30/01/2015,,,DC,,,RO,17,A,3,7,62,1127,,,B17-LA-ES3-EN7-CJ62-CP1127,DECANATURA DE LA FACULTAD,"INFORME DE GESTION 2015
INFORME EJECUTIVO DE GESTION 2007 A 2013
CARTAS
SOLICITUDES
ENTRE OTROS",8,22,PONTIFICIA UNIVERSIDAD JAVERIANA,VICERRECTORIA ACADEMICA,FACULTAD DE ARQUITECTURA Y DISEÑO,DECANATURA DE FACULTAD,CARPETA,ARCHIVO HISTORICO,,,CONSERVACION TOTAL,,,PENDIENTE,MAESTDPVRACFACADDF2018
,VRAC-FAC-AD-DF,BOG,,REDES DE COOPERACION,,,,COORDINACION EGRESADOS ARQUIDISEÑO,CERRADO,18/10/2016,ARCHIVO HISTORICO,2,218,,21/04/2014,18/10/2016,,,DC,,,RO,16,B,5,6,63,1128,,,B16-LB-ES5-EN6-CJ63-CP1128,DECANATURA DE LA FACULTAD,"CARTAS INVITACION CONVERSATORIOS
DOCUMENTOS DEFINICION RED DE EGRESADOS
INFORMES COMITE DE EGRESADOS
PROPUESTA PLANTEAMIENTO ORGANIZACIONAL RELACIONES CON EGRESADOS
INFORME PRIMER ENCUENTRO DE EGRESADOS
CORREOS
COMUNICADOS
ENTRE OTROS",9,23,PONTIFICIA UNIVERSIDAD JAVERIANA,VICERRECTORIA ACADEMICA,FACULTAD DE ARQUITECTURA Y DISEÑO,DECANATURA DE FACULTAD,CARPETA,ARCHIVO HISTORICO,,,CONSERVACION TOTAL,,,PENDIENTE,MAESTDPVRACFACADDF2018
,VRAC-FAC-AD-DF,BOG,,REDES DE COOPERACION,,,,COORDINACION EGRESADOS ARQUIDISEÑO,CERRADO,21/08/2014,ARCHIVO HISTORICO,1,203,,28/08/2013,21/08/2014,,,DC,,,RO,16,B,5,6,63,1129,,,B16-LB-ES5-EN6-CJ63-CP1129,DECANATURA DE LA FACULTAD,"CARTAS
CORREOS ELECTRONICOS
INVITACION CONVERSATORIOS
INVITACIONES E INFORMES PRIMER ENCUENTRO DE EGREADOS
PRESUPUESTOS
ENTRE OTROS",10,24,PONTIFICIA UNIVERSIDAD JAVERIANA,VICERRECTORIA ACADEMICA,FACULTAD DE ARQUITECTURA Y DISEÑO,DECANATURA DE FACULTAD,CARPETA,ARCHIVO HISTORICO,,,CONSERVACION TOTAL,,,PENDIENTE,MAESTDPVRACFACADDF2018
,VRAC-FAC-AD-DF,BOG,,REDES DE COOPERACION,,,,"CONVENIOS INTERINSTITUCIONALES, ACUERDOS DE COOPERACION ARQUIDISEÑO",CERRADO,2015,ARCHIVO HISTORICO,1,155,,28/02/2014,12/11/2015,,,DC,,,RO,16,B,5,6,63,1130,,,B16-LB-ES5-EN6-CJ63-CP1130,DECANATURA DE LA FACULTAD,"CARTAS
CORREOS
DOCUMENTOS TERMINACION CONVENIO CON EL CONSEJO COLOMBIANO DE CONSTRUCCION SOSTENIBLE
CARTAS CONVENIO CON EL INSTITUTO DISTRITAL DE TURISMO
DOCUMENTOS CONVENIOS (UNIVERSITA DI BOLOGNA, VAS COLOMBIA, ICEX ESPAÑA, UNIVERSIDAD DE READING)
MODELOS CONVENIOS
ENTRE OTROS",11,25,PONTIFICIA UNIVERSIDAD JAVERIANA,VICERRECTORIA ACADEMICA,FACULTAD DE ARQUITECTURA Y DISEÑO,DECANATURA DE FACULTAD,CARPETA,ARCHIVO HISTORICO,,,CONSERVACION TOTAL,,,PENDIENTE,MAESTDPVRACFACADDF2018
,VRAC-FAC-AD-DF,BOG,,REDES DE COOPERACION,,,,"CONVENIOS INTERINSTITUCIONALES, ACUERDOS DE COOPERACIÓN ARQUIDISEÑO ",CERRADO,2013,ARCHIVO HISTORICO,1,184,,12/03/2013,16/12/2013,,,DC,,,RO,16,B,5,6,63,1131,,,B16-LB-ES5-EN6-CJ63-CP1131,DECANATURA DE LA FACULTAD,"CARTAS
CORREOS
DOCUMENTOS CONVENIOS (ICEX ESPAÑA, UNIVERSIDAD DE ALCALAA UAECD, RED DE INVESTIGACIAN EN ARQUITECTURA-ANDES, TADEO, NACIONAL, SCA Y LA PUJ; ONU HABITAT, FUNDACION ROGEIO SALMONA)
MODELOS CONVENIOS
MEMORANDOS DE ENTENDIMIENTO
INFORME EJECUCION PRESUPUESTAL CONVENIO 157 DE 2010 ENTRE IDPC Y PUJ
ENTRE OTROS",12,26,PONTIFICIA UNIVERSIDAD JAVERIANA,VICERRECTORIA ACADEMICA,FACULTAD DE ARQUITECTURA Y DISEÑO,DECANATURA DE FACULTAD,CARPETA,ARCHIVO HISTORICO,,,CONSERVACION TOTAL,,,PENDIENTE,MAESTDPVRACFACADDF2018
,VRAC-FAC-AD-DF,BOG,,CORRESPONDENCIA,,CONSECUTIVO CARTAS,,CORRESPONDENCIA PROGRAMA INTERNACIONAL PEI,CERRADO,2016,ARCHIVO HISTORICO,1,225,,10/12/2012,01/10/2016,,,DC,,,RO,16,B,5,6,63,1132,,,B16-LB-ES5-EN6-CJ63-CP1132,DECANATURA DE LA FACULTAD,"INFORME PEI 1602 VENECIA, BARCELONA Y MADRID
CARTAS DE PRESENTACION ESTUDIANTES PEI EMBAJADA
CARTAS
CORREOS RELACIONADOS CON LOS CURSOS INTERSEMESTRALES
CARTAS CUMPLIMIENTO REQUISITOS CURSOS PEI
DOCUMENTO SOLAR DECHATHLON 2015
AUTORIZACION PEI 2014 POR PARTE DE LA VICERRECTORIA ACADEMICA
CRONOGRAMAS
PRESUPUESTOS
INFORMES
ENTRE OTROS",13,27,PONTIFICIA UNIVERSIDAD JAVERIANA,VICERRECTORIA ACADEMICA,FACULTAD DE ARQUITECTURA Y DISEÑO,DECANATURA DE FACULTAD,CARPETA,ARCHIVO HISTORICO,,,CONSERVACION TOTAL,,,PENDIENTE,MAESTDPVRACFACADDF2018
,VRAC-FAC-AD-DF,BOG,,CORRESPONDENCIA,,CONSECUTIVO CARTAS,,CORRESPONDENCIA DEPARTAMENTOS FACULTAD,CERRADO,26/07/2013,ARCHIVO HISTORICO,1,199,,14/01/2013,26/07/2013,,,DC,,,RO,16,B,5,6,63,1133,,,B16-LB-ES5-EN6-CJ63-CP1133,DECANATURA DE LA FACULTAD,"CARTAS
CORREOS
INFORME VIAJES
ACTAS DE EVALUACION DE DESEMPEÑO
SOLICITUDES CONVERSION DE VACANTES
SOLICITUDES CONTRATACION TEMPORALES
INFORMES PROCESO PARA OCUPAR VACANTES
SOLICITUDES DE AUTORIZACION PAGO DE HORAS CATEDRA
CARTAS DE IDONEIDAD
RESULTADOS EXCELENCIA DOCENTE
ENTRE OTROS",14,28,PONTIFICIA UNIVERSIDAD JAVERIANA,VICERRECTORIA ACADEMICA,FACULTAD DE ARQUITECTURA Y DISEÑO,DECANATURA DE FACULTAD,CARPETA,ARCHIVO HISTORICO,,,CONSERVACION TOTAL,,,PENDIENTE,MAESTDPVRACFACADDF2018
,VRAC-FAC-AD-DF,BOG,,CORRESPONDENCIA,,CONSECUTIVO CARTAS,,CORRESPONDENCIA DEPARTAMENTOS FACULTAD,CERRADO,02/07/2014,ARCHIVO HISTORICO,2,198,,30/07/2013,02/07/2014,,,DC,,,RO,16,B,5,6,63,1134,,,B16-LB-ES5-EN6-CJ63-CP1134,DECANATURA DE LA FACULTAD,"CARTAS
CORREOS
ACTAS DE EVALUACION DE DESEMPEÑO
SOLICITUD APOYO ECONOMICO CURSOS INTERSEMESTRALES
INFORMES
SOLICITUDES CONVERSION DE VACANTES
REATIVACION DE VACANTES
ACTAS COMITE DEPARTAMENTO ESTETICA
SOLICITUDES CONTRATACION TEMPORALES
INFORMES PROCESO PARA OCUPAR VACANTES
SOLICITUDES DE AUTORIZACION PAGO DE HORAS CATEDRA
ENTRE OTROS",15,29,PONTIFICIA UNIVERSIDAD JAVERIANA,VICERRECTORIA ACADEMICA,FACULTAD DE ARQUITECTURA Y DISEÑO,DECANATURA DE FACULTAD,CARPETA,ARCHIVO HISTORICO,,,CONSERVACION TOTAL,,,PENDIENTE,MAESTDPVRACFACADDF2018
,VRAC-FAC-AD-DF,BOG,,CORRESPONDENCIA,,CONSECUTIVO CARTAS,,CORRESPONDENCIA DEPARTAMENTOS FACULTAD,CERRADO,22/07/2015,ARCHIVO HISTORICO,3,208,,12/08/2014,22/07/2015,,,DC,,,RO,16,B,5,6,64,1135,,,B16-LB-ES5-EN6-CJ64-CP1135,DECANATURA DE LA FACULTAD,"CARTAS
CORREOS
SOLICITUDES CONVERSION DE VACANTES
SOLICITUDES CONTRATACION TEMPORALES
LISTADOS PROFESORES EXCELENCIA DOCENTES
SOLICITUD APOYO CURSO INTERSEMESTRAL DEPARTAMENTO ARQUITECTURA
AUTORIZACION PARA CONSULTORIA SUBCENTRO DE SEGURIDAD
SOLICITUDES DE AUTORIZACION PAGO DE HORAS CATEDRA
ENTRE OTROS",16,30,PONTIFICIA UNIVERSIDAD JAVERIANA,VICERRECTORIA ACADEMICA,FACULTAD DE ARQUITECTURA Y DISEÑO,DECANATURA DE FACULTAD,CARPETA,ARCHIVO HISTORICO,,,CONSERVACION TOTAL,,,PENDIENTE,MAESTDPVRACFACADDF2018
,VRAC-FAC-AD-DF,BOG,,CORRESPONDENCIA,,CONSECUTIVO CARTAS,,CORRESPONDENCIA DEPARTAMENTOS FACULTAD,CERRADO,15/09/2016,ARCHIVO HISTORICO,4,140,,25/08/2015,15/09/2016,,,DC,,,RO,16,B,5,6,64,1136,,,B16-LB-ES5-EN6-CJ64-CP1136,DECANATURA DE LA FACULTAD,"CARTAS
CORREOS
SOLICITUDES DE AUTORIZACION PAGO DE HORAS CATEDRA
SOLICITUD Y AUTORIZACION PRORROGA O REACTIVACION DE VACANTES
SOLICITUD SUSCRIPCION BASES DE DATOS MRS
SOLICITUD CONVERSION DE VACANTES
INFORME CONTRATACION EXTEMPORANEA DE PROFESORES HORA CATEDRA
ENTRE OTROS",17,31,PONTIFICIA UNIVERSIDAD JAVERIANA,VICERRECTORIA ACADEMICA,FACULTAD DE ARQUITECTURA Y DISEÑO,DECANATURA DE FACULTAD,CARPETA,ARCHIVO HISTORICO,,,CONSERVACION TOTAL,,,PENDIENTE,MAESTDPVRACFACADDF2018
,VRAC-FAC-AD-DF,BOG,,CORRESPONDENCIA,,CONSECUTIVO CARTAS,,DIRECCION DE GESTION HUMANA,CERRADO,2015,ARCHIVO HISTORICO,1,191,,07/12/2012,23/06/2015,,,DC,,,RO,16,B,5,6,64,1137,,,B16-LB-ES5-EN6-CJ64-CP1137,DECANATURA DE LA FACULTAD,"DEFINICION VIGENCIA DE CONTRATOS A TERMINO FIJO Y TEMPORALES
RATIFICACION VENCIMIENTO CONTRATOS
REMISION LISTADOS FIRMADOS PRIMA EXTRALEGAL ESPECIAL PERSONAL PLANTA
LISTADOS DE VACACIONES
PLANES DE MEJORAMIENTO PERSONAL ADMINISTRATIVO
TERMINACION CONTRATOS
CURSO INMERSION PERSONAL ADMINISTRATIVO
ENTRE OTROS",18,32,PONTIFICIA UNIVERSIDAD JAVERIANA,VICERRECTORIA ACADEMICA,FACULTAD DE ARQUITECTURA Y DISEÑO,DECANATURA DE FACULTAD,CARPETA,ARCHIVO HISTORICO,,,CONSERVACION TOTAL,,,PENDIENTE,MAESTDPVRACFACADDF2018
,VRAC-FAC-AD-DF,BOG,,CORRESPONDENCIA,,CONSECUTIVO CARTAS,,DIRECCION DE GESTION HUMANA,CERRADO,2016,ARCHIVO HISTORICO,2,126,,03/07/2015,15/12/2016,,,DC,,,RO,16,B,5,6,64,1138,,,B16-LB-ES5-EN6-CJ64-CP1138,DECANATURA DE LA FACULTAD,"DEFINICION VIGENCIA DE CONTRATOS A TERMINO FIJO Y TEMPORALES
RATIFICACION VENCIMIENTO CONTRATOS
REMISION LISTADOS FIRMADOS PRIMA EXTRALEGAL ESPECIAL PERSONAL PLANTA
LISTADOS DE VACACIONES
TERMINACIÓN CONTRATOS
RESPUESTA APOYO ESTUDIOS DE MAESTRIA PERSONAL ADMINISTRATIVO
LLAMADOS DE ATENCION
SOLICITUD PARA APROBAR CARGO TEMPORAL AUXILIAR TALLER DE DISEÑO
PLANES DE MEJORAMIENTO PERSONAL ADMINISTRATIVO
SOLICITUD DE PERMISOS
LICENCIAS PERSONAL ADMINISTRATIVO
ENTRE OTROS",19,33,PONTIFICIA UNIVERSIDAD JAVERIANA,VICERRECTORIA ACADEMICA,FACULTAD DE ARQUITECTURA Y DISEÑO,DECANATURA DE FACULTAD,CARPETA,ARCHIVO HISTORICO,,,CONSERVACION TOTAL,,,PENDIENTE,MAESTDPVRACFACADDF2018
,VRAC-FAC-AD-DF,BOG,,CORRESPONDENCIA,,CONSECUTIVO CARTAS,,CORRESPONDENCIA RECTORIA,CERRADO,2016,ARCHIVO HISTORICO,1,163,,02/03/2010,09/06/2016,,,DC,,,RO,16,B,5,6,64,1139,,,B16-LB-ES5-EN6-CJ64-CP1139,DECANATURA DE LA FACULTAD,"CARTAS
CORREOS
CARTAS JORNADA DE REFLEXION UNIVERSITARIA
INVITACIONES
SOLICITUDES DE CONSULTORIAS EXTERNAS REMITIDAS POR EL RECTOR
CARTAS RECONOCIMIENTOS PRUEBAS SABER PRO
CORREOS REFORMA ESTATUTOS
CONSULTAR PARA SUGERIR DECANO ENCARGADO
CARTA AGRADECIMIENTO DECANO DEL MEDIO UNIVERSITARIO
PRESENTACION PROYECTOS
CONVOCATORIA PROYECTOS DE PRESUPUESTO SOCIAL SAN FRANCISCO
CARTAS DE AGRADECIMIENTO
REFORMA ESTATUTUARIA 2013
QUEJA ESTUDIANTES  SOBRE INFRAESTRUCTURA Y TECNOLOGIA FACULTAD
REACTIVACION VACANTE DE DISEÑO
ENTRE OTROS",20,34,PONTIFICIA UNIVERSIDAD JAVERIANA,VICERRECTORIA ACADEMICA,FACULTAD DE ARQUITECTURA Y DISEÑO,DECANATURA DE FACULTAD,CARPETA,ARCHIVO HISTORICO,,,CONSERVACION TOTAL,,,PENDIENTE,MAESTDPVRACFACADDF2018
,VRAC-FAC-AD-DF,BOG,,CORRESPONDENCIA,,CONSECUTIVO CARTAS,,CORRESPONDENCIA VICERRECTORIA ACADEMICA,CERRADO,2016,ARCHIVO HISTORICO,1,125,,16/01/2013,09/12/2016,,,DC,,,RO,16,B,5,6,64,1140,,,B16-LB-ES5-EN6-CJ64-CP1140,DECANATURA,"CARTAS
CORREOS
CARTAS JORNADA DE REFLEXION UNIVERSITARIA
INVITACIONES
SOLICITUDES DE CONSULTORIAS EXTERNAS REMITIDAS POR EL RECTOR
CARTAS RECONOCIMIENTOS PRUEBAS SABER PRO
CORREOS REFORMA ESTATUTOS
CONSULTAR PARA SUGERIR DECANO ENCARGADO
CARTA AGRADECIMIENTO DECANO DEL MEDIO UNIVERSITARIO
PRESENTACION PROYECTOS CONVOCATORIA PROYECTOS DE PRESUPUESTO SOCIAL SAN FRANCISCO
CARTAS DE AGRADECIMIENTO
REFORMA ESTATUTUARIA 2013
QUEJA ESTUDIANTES  SOBRE INFRAESTRUCTURA Y TECNOLOGIA FACULTAD
REACTIVACION VACANTE DE DISEÑO
ENTRE OTROS",21,35,PONTIFICIA UNIVERSIDAD JAVERIANA,VICERRECTORIA ACADEMICA,FACULTAD DE ARQUITECTURA Y DISEÑO,DECANATURA DE FACULTAD,CARPETA,ARCHIVO HISTORICO,,,CONSERVACION TOTAL,,,PENDIENTE,MAESTDPVRACFACADDF2018
,VRAC-FAC-AD-DF,BOG,,CORRESPONDENCIA,,CONSECUTIVO CARTAS,,CORRESPONDENCIA VICERRECTORIA DE EXTENSION Y RELACIONES INTERINSTITUCIONALES,CERRADO,2016,ARCHIVO HISTORICO,1,76,,31/01/2013,13/06/2016,,,DC,,,RO,16,B,5,6,64,1141,,,B16-LB-ES5-EN6-CJ64-CP1141,DECANATURA,"DOCUMENTOS CREACION SEMILLEROS DE INVESTIGACION
CARTAS DE AVAL PARTICIPACION PROFESORES EN PROYECTOS DE OTRAS FACULTADES
PRORROGAS PARA TERMINACION DE PROYECTOS
REVISION DOCUMENTO POLITICA DE INVESTIGACION
INNOVACION Y CREACION ARTISTICA UNIVERSIDAD
CARTAS
INVITACIONES
ENTRE OTROS",22,36,PONTIFICIA UNIVERSIDAD JAVERIANA,VICERRECTORIA ACADEMICA,FACULTAD DE ARQUITECTURA Y DISEÑO,DECANATURA DE FACULTAD,CARPETA,ARCHIVO HISTORICO,,,CONSERVACION TOTAL,,,PENDIENTE,MAESTDPVRACFACADDF2018
,VRAC-FAC-AD-DF,BOG,,CORRESPONDENCIA,,CONSECUTIVO CARTAS,,CORRESPONDENCIA VICERRECTORIA DE EXTENSION Y RELACIONES INTERINSTITUCIONALES,CERRADO,2016,ARCHIVO HISTORICO,2,116,,22/01/2013,07/09/2016,,,DC,,,RO,16,B,5,EN6,64,1142,,,B16-LB-ES5-EN6-CJ64-CP1142,DECANATURA,"COMUNICADOS ELECCION MIEMBROS AL CONSEJO
CARTAS ESTUDIANTES QUE REALIZAN PRACTICAS INTERNACIONALES
BOLETINES VERI
CORREOS
AVAL DIPLAMADOS
ESTUDIANTES PARA PARTICIPAR EN CONVENIO DE DOBLE TITULACION CON EL POLITECNICO DE TORINO
ADICIONES PRESUPUESTAL
INVITACIONES
PRESENTACION ESTUDIANTES CURSOS INTERSMESTRAL PARA VISADO SCHENGEN
ENTRE OTROS",23,37,PONTIFICIA UNIVERSIDAD JAVERIANA,VICERRECTORIA ACADEMICA,FACULTAD DE ARQUITECTURA Y DISEÑO,DECANATURA DE FACULTAD,CARPETA,ARCHIVO HISTORICO,,,CONSERVACION TOTAL,,,PENDIENTE,MAESTDPVRACFACADDF2018
,VRAC-FAC-AD-DF,BOG,,CORRESPONDENCIA,,CONSECUTIVO CARTAS,,PROGRAMAS DE PREGRADO,CERRADO,2013,ARCHIVO HISTORICO,1,100,,25/01/2013,15/10/2013,,,DC,,,RO,16,B,5,EN6,64,1143,,,B16-LB-ES5-EN6-CJ64-CP1143,DECANATURA,"CARTAS DE SOLICITUD DE TRASLADO ENTRE PROGRAMAS
REPORTE POSIBLE PLAGIO EN EL CURSO INVESTIGACION DE PRUEBAS DE PRODUCTO
CAROLINA DAZA
ENTREGA DOCUMENTOS PARA LA ACREDITACION DE LA CARREA DE ARQUITECTURA ANTE EL CNA
ENTRE OTROS",24,38,PONTIFICIA UNIVERSIDAD JAVERIANA,VICERRECTORIA ACADEMICA,FACULTAD DE ARQUITECTURA Y DISEÑO,DECANATURA DE FACULTAD,CARPETA,ARCHIVO HISTORICO,,,CONSERVACION TOTAL,,,PENDIENTE,MAESTDPVRACFACADDF2018
,VRAC-FAC-AD-DF,BOG,,CORRESPONDENCIA,,CONSECUTIVO CARTAS,,PROGRAMAS DE PREGRADO,CERRADO,2016,ARCHIVO HISTORICO,3,141,,16/01/2013,13/01/2016,,,DC,,,RO,16,B,5,EN6,CJ65,1144,,,B16-LB-ES5-EN6-CJ65-CP1144,DECANATURA,"DOCUMENTOS CONCURSO OTTO DE GREIFF
INFORME DE ADMISIONES
RESEVAS DE CUPO
DOCUMENTO GUIA PARA EL DESARRO DE LAS PRACTICAS PREPROFESIONALES
PROPUESTA CREACION PREGRADO EN DISEÑO DE COMUNICACION VISUAL
EVALUACION PROYECTOS PARA MENCION DE HONOR
LEVANTAMIENTO DE PREREQUISITO DE IDIOMA
RETIRO ASOCIACION RED ACADEMICA DE DISEÑO
DESIGNACION CIELO QUIÑONES PARA CONVOCATORIA ELECCION PROGRAMAS DE DISEÑO DEL PAIS
ENTRE OTROS",25,39,PONTIFICIA UNIVERSIDAD JAVERIANA,VICERRECTORIA ACADEMICA,FACULTAD DE ARQUITECTURA Y DISEÑO,DECANATURA DE FACULTAD,CARPETA,ARCHIVO HISTORICO,,,CONSERVACION TOTAL,,,PENDIENTE,MAESTDPVRACFACADDF2018
,VRAC-FAC-AD-DF,BOG,,CORRESPONDENCIA,,CONSECUTIVO CARTAS,,PROGRAMAS DE PREGRADO,CERRADO,2013,ARCHIVO HISTORICO,2,127,,06/02/2013,29/11/2013,,,DC,,,RO,16,B,5,EN6,65,1145,,,B16-LB-ES5-EN6-CJ65-CP1145,DECANATURA,"CARTAS DE ENTREGA Y RECPECION DE PUBLICACIONES
INVITACIONES
CORREOS ELECTRONICOS
ENTRE OTROS",26,40,PONTIFICIA UNIVERSIDAD JAVERIANA,VICERRECTORIA ACADEMICA,FACULTAD DE ARQUITECTURA Y DISEÑO,DECANATURA DE FACULTAD,CARPETA,ARCHIVO HISTORICO,,,CONSERVACION TOTAL,,,PENDIENTE,MAESTDPVRACFACADDF2018
,VRAC-FAC-AD-DF,BOG,,CORRESPONDENCIA,,CONSECUTIVO CARTAS,,CORRESPONDENCIA INTERNA OTRAS DEPENDENCIAS DE LA UNIVERSIDAD,CERRADO,2016,ARCHIVO HISTORICO,1,144,,15/01/2013,02/11/2016,,,DC,,,RO,16,B,5,EN6,65,1146,,,B16-LB-ES5-EN6-CJ65-CP1146,DECANATURA,"CARTAS
CORREOS ELECTRONICOS
SOLICITUDES VARIAS
INVITACIONES
PRESENTACION DE INFORMES
INFORMES DE OBRAS OFICINA DE CONSTRUCCIONES
INFORME EJECUCION PRESUPUESTAL BIBLIOTECA
ENTRE OTROS",27,41,PONTIFICIA UNIVERSIDAD JAVERIANA,VICERRECTORIA ACADEMICA,FACULTAD DE ARQUITECTURA Y DISEÑO,DECANATURA DE FACULTAD,CARPETA,ARCHIVO HISTORICO,,,CONSERVACION TOTAL,,,PENDIENTE,MAESTDPVRACFACADDF2018
,VRAC-FAC-AD-DF,BOG,,CORRESPONDENCIA,,CONSECUTIVO CARTAS,,DECANATURA Y SECRETARIA DE FACULTAD,CERRADO,2016,ARCHIVO HISTORICO,1,168,,03/12/2012,26/10/2016,,,DC,,,RO,16,B,5,EN6,65,1147,,,B16-LB-ES5-EN6-CJ65-CP1147,DECANATURA,"CARTAS
CORREOS
SOLICITUD SERVICIOS DE REMODELACION
PROCESOS DE EVALUACION DIRECTIVOS
ENTREGA CARGO DECANO ACADEMICO
DOCUMENTOS PROYECTO CAPILLA HUSI
CARTAS NOMBRAMIENTOS MIEMBROS DEL CONSEJO
COMUNICADOS A LA PLANTA
CARTA CONVOCATORIA ELECCION MIEMBROS DEL CONSEJO
SOLICITUDES PERSONAL ADMINISTRATIVO
PERMISOS
ENTRE OTROS",28,42,PONTIFICIA UNIVERSIDAD JAVERIANA,VICERRECTORIA ACADEMICA,FACULTAD DE ARQUITECTURA Y DISEÑO,DECANATURA DE FACULTAD,CARPETA,ARCHIVO HISTORICO,,,CONSERVACION TOTAL,,,PENDIENTE,MAESTDPVRACFACADDF2018
,VRAC-FAC-AD-DF,BOG,,CORRESPONDENCIA,,CONSECUTIVO CARTAS,,INSTITUTOS FACULTAD,CERRADO,2016,ARCHIVO HISTORICO,1,104,,14/02/2013,26/01/2016,,,DC,,,RO,16,B,5,EN6,65,1148,,,B16-LB-ES5-EN6-CJ65-CP1148,DECANATURA,"CARTAS
CORREOS ELECTRONICOS
PROPUESTA CONTINUIDAD INJAVIU
OBSERVACIONES DOCUMENTO RE ORGANIZACION DE LOS INSTITUTOS Y CENTROS DE INVESTIGACION
 CARTAS DE INTERES PROYECTOS
INVITACIONES PARTICIPACION EN PROYECTOS
ENTRE OTROS",29,43,PONTIFICIA UNIVERSIDAD JAVERIANA,VICERRECTORIA ACADEMICA,FACULTAD DE ARQUITECTURA Y DISEÑO,DECANATURA DE FACULTAD,CARPETA,ARCHIVO HISTORICO,,,CONSERVACION TOTAL,,,PENDIENTE,MAESTDPVRACFACADDF2018
,VRAC-FAC-AD-DF,BOG,,CORRESPONDENCIA,,CONSECUTIVO CARTAS,,PROGRAMA DE EDUCACION CONTINUA,CERRADO,2013,ARCHIVO HISTORICO,1,14,,08/11/2010,10/10/2013,,,DC,,,RO,16,B,5,EN6,65,1149,,,B16-LB-ES5-EN6-CJ65-CP1149,DECANATURA,"PROPUESTA DE CURSOS DIPLOMADOS
PROGRAMACION EDUCACION CONTINUA
CORREOS ELECTRONICOS
MEMORANDOS
ENTRE OTROS",30,44,PONTIFICIA UNIVERSIDAD JAVERIANA,VICERRECTORIA ACADEMICA,FACULTAD DE ARQUITECTURA Y DISEÑO,DECANATURA DE FACULTAD,CARPETA,ARCHIVO HISTORICO,,,CONSERVACION TOTAL,,,PENDIENTE,MAESTDPVRACFACADDF2018
,VRAC-FAC-AD-PEI,BOG,,CURSOS PREUNIVERSITARIOS E INTERSEMESTRALES,,CURSOS INTERSEMESTRALES,,CURSO INTERSEMESTRAL PEI ARGENTINA 2013,CERRADO,2013,ARCHIVO HISTORICO,1,63,,25/09/2013,02/10/2013,,,DC,,,RO,16,B,5,7,66,1150,,,B16-LB-ES5-EN7-CJ66-CP1150,PROGRAMA DE EXPERIENCIAS INTERNACIONALES PEI,PROPUESTA PROGRAMA ACADEMICO Y COMUNICACIONES,1,45,PONTIFICIA UNIVERSIDAD JAVERIANA,VICERRECTORIA ACADEMICA,FACULTAD DE ARQUITECTURA Y DISEÑO,PROGRAMA DE EXPERIENCIAS INTERNACIONALES PEI,CARPETA,ARCHIVO HISTORICO,,CONSERVACION TOTAL,,,,PENDIENTE,MAESTDPVRACFACADPEI2019
,VRAC-FAC-AD-PEI,BOG,,CURSOS PREUNIVERSITARIOS E INTERSEMESTRALES,,CURSOS INTERSEMESTRALES,,CURSO INTERSEMESTRAL PEI ESPAÑA 2013,CERRADO,2013,ARCHIVO HISTORICO,2,130,,23/05/2013,30/10/2013,,,DC,,,RO,16,B,5,7,66,1151,,,B16-LB-ES5-EN7-CJ66-CP1151,PROGRAMA DE EXPERIENCIAS INTERNACIONALES PEI,"PROGRAMA ACADEMICO
LISTA DE PARTICIPANTES Y COMUNICACIONES",2,46,PONTIFICIA UNIVERSIDAD JAVERIANA,VICERRECTORIA ACADEMICA,FACULTAD DE ARQUITECTURA Y DISEÑO,PROGRAMA DE EXPERIENCIAS INTERNACIONALES PEI,CARPETA,ARCHIVO HISTORICO,,CONSERVACION TOTAL,,,,PENDIENTE,MAESTDPVRACFACADPEI2019
,VRAC-FAC-AD-PEI,BOG,,EVENTOS,,EVENTOS INSTITUCIONALES,,CLASE PROYECTO NUEVOS TERRITORIOS Y WORKSHOPS 2013,CERRADO,2013,ARCHIVO HISTORICO,1,163,,30/01/2013,15/11/2013,,,DC,,,RO,16,B,5,7,66,1152,,,B16-LB-ES5-EN7-CJ66-CP1152,PROGRAMA DE EXPERIENCIAS INTERNACIONALES PEI,"PROGRAMA
LISTA DE PARTICIPANTES
LISTA DE CLASE
ACTIVIDADES",3,47,PONTIFICIA UNIVERSIDAD JAVERIANA,VICERRECTORIA ACADEMICA,FACULTAD DE ARQUITECTURA Y DISEÑO,PROGRAMA DE EXPERIENCIAS INTERNACIONALES PEI,CARPETA,ARCHIVO HISTORICO,,CONSERVACION TOTAL,,,,PENDIENTE,MAESTDPVRACFACADPEI2019
,VRAC-FAC-AD-PEI,BOG,,CURSOS PREUNIVERSITARIOS E INTERSEMESTRALES,,CURSOS INTERSEMESTRALES,,CURSO INTERSEMESTRAL PEI ARGENTINA 2014,CERRADO,2015,ARCHIVO HISTORICO,1,170,,26/09/2014,27/01/2015,,,DC,,,RO,16,B,5,7,66,1153A,,,B16-LB-ES5-EN7-CJ66-CP1153A,PROGRAMA DE EXPERIENCIAS INTERNACIONALES PEI,"PROGRAMA ACADEMICO
LISTA DE PARTICIPANTES Y COMUNICACIONES",4,48,PONTIFICIA UNIVERSIDAD JAVERIANA,VICERRECTORIA ACADEMICA,FACULTAD DE ARQUITECTURA Y DISEÑO,PROGRAMA DE EXPERIENCIAS INTERNACIONALES PEI,CARPETA,ARCHIVO HISTORICO,,CONSERVACION TOTAL,,,,PENDIENTE,MAESTDPVRACFACADPEI2019
,VRAC-FAC-AD-PEI,BOG,,CURSOS PREUNIVERSITARIOS E INTERSEMESTRALES,,CURSOS INTERSEMESTRALES,,CURSO INTERSEMESTRAL PEI RHODE ISLAND 2014,CERRADO,2014,ARCHIVO HISTORICO,1,109,,22/04/2014,01/08/2014,,,DC,,,RO,16,B,5,7,66,1154,,,B16-LB-ES5-EN7-CJ66-CP1154,PROGRAMA DE EXPERIENCIAS INTERNACIONALES PEI,"PROGRAMA ACADEMICO
LISTA DE PARTICIPANTES Y COMUNICACIONES",5,49,PONTIFICIA UNIVERSIDAD JAVERIANA,VICERRECTORIA ACADEMICA,FACULTAD DE ARQUITECTURA Y DISEÑO,PROGRAMA DE EXPERIENCIAS INTERNACIONALES PEI,CARPETA,ARCHIVO HISTORICO,,CONSERVACION TOTAL,,,,PENDIENTE,MAESTDPVRACFACADPEI2019
,VRAC-FAC-AD-PEI,BOG,,CURSOS PREUNIVERSITARIOS E INTERSEMESTRALES,,CURSOS INTERSEMESTRALES,,CURSO INTERSEMESTRAL PEI ESPAÑA 2014,CERRADO,2014,ARCHIVO HISTORICO,1,128,,22/04/2014,21/07/2014,,,DC,,,RO,16,B,5,7,66,1155,,,B16-LB-ES5-EN7-CJ66-CP1155,PROGRAMA DE EXPERIENCIAS INTERNACIONALES PEI,"PROGRAMA ACADEMICO
LISTA DE PARTICIPANTES Y COMUNICACIONES",6,50,PONTIFICIA UNIVERSIDAD JAVERIANA,VICERRECTORIA ACADEMICA,FACULTAD DE ARQUITECTURA Y DISEÑO,PROGRAMA DE EXPERIENCIAS INTERNACIONALES PEI,CARPETA,ARCHIVO HISTORICO,,CONSERVACION TOTAL,,,,PENDIENTE,MAESTDPVRACFACADPEI2019
,VRAC-FAC-AD-PEI,BOG,,EVENTOS,,EVENTOS INSTITUCIONALES,,CLASE PROYECTO NUEVOS TERRITORIOS Y WORKSHOPS 2014,CERRADO,2014,ARCHIVO HISTORICO,1,196,,21/01/2014,24/08/2014,,,DC,,,RO,16,B,5,7,66,1156,,,B16-LB-ES5-EN7-CJ66-CP1156,PROGRAMA DE EXPERIENCIAS INTERNACIONALES PEI,"PROGRAMA
LISTA DE PARTICIPANTES
LISTA DE CLASE
ACTIVIDADES",7,51,PONTIFICIA UNIVERSIDAD JAVERIANA,VICERRECTORIA ACADEMICA,FACULTAD DE ARQUITECTURA Y DISEÑO,PROGRAMA DE EXPERIENCIAS INTERNACIONALES PEI,CARPETA,ARCHIVO HISTORICO,,CONSERVACION TOTAL,,,,PENDIENTE,MAESTDPVRACFACADPEI2019
,VRAC-FAC-AD-PEI,BOG,,PROYECTOS,,PROYECTOS DE INVESTIGACION EXTERNOS,,CONCURSO INTERNACIONAL SOLAR DECATHLON SDLAC 2014 A 2015,CERRADO,2014,ARCHIVO HISTORICO,1,122,,04/08/2014,24/10/2014,,,DC,,,RO,16,B,5,7,66,1157,,,B16-LB-ES5-EN7-CJ66-CP1157,PROGRAMA DE EXPERIENCIAS INTERNACIONALES PEI,"PROPUESTAS
AVANCES
FORMATO DE REGISTRO
CREACION DE CODIGOS
CONVENIOS
POLIZAS
COMUNICACIONES Y PARTICIPANTES",8,52,PONTIFICIA UNIVERSIDAD JAVERIANA,VICERRECTORIA ACADEMICA,FACULTAD DE ARQUITECTURA Y DISEÑO,PROGRAMA DE EXPERIENCIAS INTERNACIONALES PEI,CARPETA,ARCHIVO HISTORICO,,CONSERVACION TOTAL,,,,PENDIENTE,MAESTDPVRACFACADPEI2019
,VRAC-FAC-AD-PEI,BOG,,PROYECTOS,,PROYECTOS DE INVESTIGACION EXTERNOS,,CONCURSO INTERNACIONAL SOLAR DECATHLON SDLAC 2014 A 2015 (1/3),CERRADO,2015,ARCHIVO HISTORICO,1,200,,01/02/2015,20/12/2015,,,DC,,,RO,16,B,5,7,66,1158,,,B16-LB-ES5-EN7-CJ66-CP1158,PROGRAMA DE EXPERIENCIAS INTERNACIONALES PEI,"PROPUESTAS
AVANCES
FORMATO DE REGISTRO
CREACION DE CODIGOS
CONVENIOS
POLIZAS
COMUNICACIONES Y PARTICIPANTES",9,53,PONTIFICIA UNIVERSIDAD JAVERIANA,VICERRECTORIA ACADEMICA,FACULTAD DE ARQUITECTURA Y DISEÑO,PROGRAMA DE EXPERIENCIAS INTERNACIONALES PEI,CARPETA,ARCHIVO HISTORICO,,CONSERVACION TOTAL,,,,PENDIENTE,MAESTDPVRACFACADPEI2019
,VRAC-FAC-AD-PEI,BOG,,PROYECTOS,,PROYECTOS DE INVESTIGACION EXTERNOS,,CONCURSO INTERNACIONAL SOLAR DECATHLON SDLAC 2014 A 2015 (2/3),CERRADO,2015,ARCHIVO HISTORICO,1,124,,01/02/2015,20/12/2015,,,DC,,,RO,16,B,5,7,67,1159,,,B16-LB-ES5-EN7-CJ67-CP1159,PROGRAMA DE EXPERIENCIAS INTERNACIONALES PEI,"PROPUESTAS
AVANCES
FORMATO DE REGISTRO
CREACION DE CODIGOS
CONVENIOS
POLIZAS
COMUNICACIONES Y PARTICIPANTES",10,54,PONTIFICIA UNIVERSIDAD JAVERIANA,VICERRECTORIA ACADEMICA,FACULTAD DE ARQUITECTURA Y DISEÑO,PROGRAMA DE EXPERIENCIAS INTERNACIONALES PEI,CARPETA,ARCHIVO HISTORICO,,CONSERVACION TOTAL,,,,PENDIENTE,MAESTDPVRACFACADPEI2019
,VRAC-FAC-AD-PEI,BOG,,PROYECTOS,,PROYECTOS DE INVESTIGACION EXTERNOS,,CONCURSO INTERNACIONAL SOLAR DECATHLON SDLAC 2014 A 2015 (3/3),CERRADO,2015,ARCHIVO HISTORICO,1,131,,01/02/2015,20/12/2015,,,DC,,,RO,16,B,5,7,67,1160,,,B16-LB-ES5-EN7-CJ67-CP1160,PROGRAMA DE EXPERIENCIAS INTERNACIONALES PEI,"PROPUESTAS
AVANCES
FORMATO DE REGISTRO
CREACION DE CODIGOS
CONVENIOS
POLIZAS
COMUNICACIONES Y PARTICIPANTES",11,55,PONTIFICIA UNIVERSIDAD JAVERIANA,VICERRECTORIA ACADEMICA,FACULTAD DE ARQUITECTURA Y DISEÑO,PROGRAMA DE EXPERIENCIAS INTERNACIONALES PEI,CARPETA,ARCHIVO HISTORICO,,CONSERVACION TOTAL,,,,PENDIENTE,MAESTDPVRACFACADPEI2019
,VRAC-FAC-AD-PEI,BOG,,CURSOS PREUNIVERSITARIOS E INTERSEMESTRALES,,CURSOS INTERSEMESTRALES,,CURSO INTERSEMESTRAL PEI ESPAÑA 2015,CERRADO,2015,ARCHIVO HISTORICO,1,135,,01/03/2015,21/07/2015,,,DC,,,RO,16,B,5,7,67,1161,,,B16-LB-ES5-EN7-CJ67-CP1161,PROGRAMA DE EXPERIENCIAS INTERNACIONALES PEI,"PROGRAMA ACADEMICO
LISTA DE PARTICIPANTES Y COMUNICACIONES",12,56,PONTIFICIA UNIVERSIDAD JAVERIANA,VICERRECTORIA ACADEMICA,FACULTAD DE ARQUITECTURA Y DISEÑO,PROGRAMA DE EXPERIENCIAS INTERNACIONALES PEI,CARPETA,ARCHIVO HISTORICO,,CONSERVACION TOTAL,,,,PENDIENTE,MAESTDPVRACFACADPEI2019
,VRAC-FAC-AD-PEI,BOG,,CURSOS PREUNIVERSITARIOS E INTERSEMESTRALES,,CURSOS INTERSEMESTRALES,,CURSO INTERSEMESTRAL ETSAB SUMMER SCHOOL PISO PILOTO 2015,CERRADO,2015,ARCHIVO HISTORICO,1,51,,10/03/2015,31/07/2015,,,DC,,,RO,16,B,5,7,67,1162,,,B16-LB-ES5-EN7-CJ67-CP1162,PROGRAMA DE EXPERIENCIAS INTERNACIONALES PEI,"PROGRAMA ACADEMICO
LISTA DE PARTICIPANTES Y COMUNICACIONES",13,57,PONTIFICIA UNIVERSIDAD JAVERIANA,VICERRECTORIA ACADEMICA,FACULTAD DE ARQUITECTURA Y DISEÑO,PROGRAMA DE EXPERIENCIAS INTERNACIONALES PEI,CARPETA,ARCHIVO HISTORICO,,CONSERVACION TOTAL,,,,PENDIENTE,MAESTDPVRACFACADPEI2019
,VRAC-FAC-AD-PEI,BOG,,EVENTOS,,EVENTOS INSTITUCIONALES,,CLASE PROYECTO NUEVOS TERRITORIOS Y WORKSHOPS 2015,CERRADO,2015,ARCHIVO HISTORICO,1,122,,21/01/2015,15/12/2015,,,DC,,,RO,16,B,5,7,67,1163,,,B16-LB-ES5-EN7-CJ67-CP1163,PROGRAMA DE EXPERIENCIAS INTERNACIONALES PEI,"PROGRAMA
LISTA DE PARTICIPANTES
LISTA DE CLASE
ACTIVIDADES",14,58,PONTIFICIA UNIVERSIDAD JAVERIANA,VICERRECTORIA ACADEMICA,FACULTAD DE ARQUITECTURA Y DISEÑO,PROGRAMA DE EXPERIENCIAS INTERNACIONALES PEI,CARPETA,ARCHIVO HISTORICO,,CONSERVACION TOTAL,,,,PENDIENTE,MAESTDPVRACFACADPEI2019
,VRAC-FAC-AD-PRE-CAR,BOG,,ACREDITACION,,ACREDITACION DE PROGRAMAS ACADEMICOS,,ACREDITACION INTERNACIONAL ANTE EL ACREDITATION INTERNATIONAL ROYAL INSTITUTE OF BRITISH ARCHITECTS RIBA,CERRADO,2004,ARCHIVO HISTORICO,1,101,,02/02/2004,09/08/2004,,,DC,,,RO,21,A,3,4,69,1184,,,B21-LA-ES3-EN4-CJ69-CP1184,CARRERA ARQUITECTURA,"COMUNICADOS OFICIALES
DOCUMENTO PARA LA ACREDITACION
SYLLABUS DEL PROGRAMA",1,59,PONTIFICIA UNIVERSIDAD JAVERIANA,VICERRECTORIA ACADEMICA,FACULTAD DE ARQUITECTURA Y DISEÑO,CARRERA DE ARQUITECTURA,CARPETA,ARCHIVO HISTORICO,,,CONSERVACION TOTAL,,,PENDIENTE,MAESTDPVRACFACADPRECAR2023
,VRAC-FAC-AD-PRE-CAR,BOG,,ACREDITACION,,ACREDITACION DE PROGRAMAS ACADEMICOS,,ACREDITACION INTERNACIONAL ANTE EL ACREDITATION INTERNACIONAL ROYAL INSTITUTE OF BRITISH ARCHITECTS RIBA,CERRADO,2005,ARCHIVO HISTORICO,1,97,,01/04/2004,27/05/2005,,,DC,,,RO,21,A,3,4,69,1185,,,B21-LA-ES3-EN4-CJ69-CP1185,CARRERA ARQUITECTURA,"COMUNICADOS OFICIALES
DOCUMENTO PARA LA ACREDITACION
SYLLABUS DEL PROGRAMA
CORREOS ELECTRONICOS",2,60,PONTIFICIA UNIVERSIDAD JAVERIANA,VICERRECTORIA ACADEMICA,FACULTAD DE ARQUITECTURA Y DISEÑO,CARRERA DE ARQUITECTURA,CARPETA,ARCHIVO HISTORICO,,,CONSERVACION TOTAL,,,PENDIENTE,MAESTDPVRACFACADPRECAR2023
,VRAC-FAC-AD-PRE-CAR,BOG,,ACREDITACION,,ACREDITACION DE PROGRAMAS ACADEMICOS,,ACREDITACION INTERNACIONAL ANTE EL ACREDITATION INTERNATIONAL ROYAL INSTITUTE OF BRITISH ARCHITECTS RIBA,CERRADO,2005,ARCHIVO HISTORICO,2,83,,01/09/2004,16/08/2005,,,DC,,,RO,21,A,3,4,69,1186,,,B21-LA-ES3-EN4-CJ69-CP1186,CARRERA ARQUITECTURA,"COMUNICADOS OFICIALES
DOCUMENTO PARA LA ACREDITACION
SYLLABUS DEL PROGRAMA
CORREOS ELECTRONICOS",3,61,PONTIFICIA UNIVERSIDAD JAVERIANA,VICERRECTORIA ACADEMICA,FACULTAD DE ARQUITECTURA Y DISEÑO,CARRERA DE ARQUITECTURA,CARPETA,ARCHIVO HISTORICO,,,CONSERVACION TOTAL,,,PENDIENTE,MAESTDPVRACFACADPRECAR2023
,VRAC-FAC-AD-PRE-CAR,BOG,,ACREDITACION,,ACREDITACION DE PROGRAMAS ACADEMICOS,,ACREDITACION INTERNACIONAL ANTE EL ACREDITATION INTERNATIONAL ROYAL INSTITUTE OF BRITISH ARCHITECTS  RIBA (1/2),CERRADO,2006,ARCHIVO HISTORICO,1,200,,12/01/2005,08/03/2006,,,DC,,,RO,21,A,3,4,69,1187,,,B21-LA-ES3-EN4-CJ69-CP1187,CARRERA ARQUITECTURA,"COMUNICADOS OFICIALES
DOCUMENTO PARA LA ACREDITACION
SYLLABUS DEL PROGRAMA
CORREOS ELECTRONICOS",4,62,PONTIFICIA UNIVERSIDAD JAVERIANA,VICERRECTORIA ACADEMICA,FACULTAD DE ARQUITECTURA Y DISEÑO,CARRERA DE ARQUITECTURA,CARPETA,ARCHIVO HISTORICO,CARPETA 1 DE 2,,CONSERVACION TOTAL,,,PENDIENTE,MAESTDPVRACFACADPRECAR2023
,VRAC-FAC-AD-PRE-CAR,BOG,,ACREDITACION,,ACREDITACION DE PROGRAMAS ACADEMICOS,,ACREDITACION INTERNACIONAL ANTE EL ACREDITATION INTERNATIONAL ROYAL INSTITUTE OF BRITISH ARCHITECTS  RIBA (2/2),CERRADO,2006,ARCHIVO HISTORICO,1,40,,12/01/2005,08/03/2006,,,DC,,,RO,21,A,3,4,69,1188,,,B21-LA-ES3-EN4-CJ69-CP1188,CARRERA ARQUITECTURA,"CONTINUACION DOCUMENTO PARA LA ACREDITACION
SYLLABUS DEL PROGRAMA",5,63,PONTIFICIA UNIVERSIDAD JAVERIANA,VICERRECTORIA ACADEMICA,FACULTAD DE ARQUITECTURA Y DISEÑO,CARRERA DE ARQUITECTURA,CARPETA,ARCHIVO HISTORICO,CARPETA 2/2,,CONSERVACION TOTAL,,,PENDIENTE,MAESTDPVRACFACADPRECAR2023
,VRAC-FAC-AD-PRE-CAR,BOG,,ACREDITACION,,ACREDITACION DE PROGRAMAS ACADEMICOS,,ACREDITACION INTERNACIONAL ANTE EL ACREDITATION INTERNATIONAL ROYAL INSTITUTE OF BRITISH ARCHITECTS  RIBA (1/2),CERRADO,2007,ARCHIVO HISTORICO,2,148,,08/02/2006,01/10/2007,,,DC,,,RO,21,A,3,4,69,1189,,,B21-LA-ES3-EN4-CJ69-CP1189,CARRERA ARQUITECTURA,"COMUNICADOS OFICIALES
DOCUMENTO PARA LA ACREDITACION
SYLLABUS DEL PROGRAMA
CORREOS ELECTRONICOS",6,64,PONTIFICIA UNIVERSIDAD JAVERIANA,VICERRECTORIA ACADEMICA,FACULTAD DE ARQUITECTURA Y DISEÑO,CARRERA DE ARQUITECTURA,CARPETA,ARCHIVO HISTORICO,CARPETA 1 DE 2,,CONSERVACION TOTAL,,,PENDIENTE,MAESTDPVRACFACADPRECAR2023
,VRAC-FAC-AD-PRE-CAR,BOG,,ACREDITACION,,ACREDITACION DE PROGRAMAS ACADEMICOS,,ACREDITACION INTERNACIONAL ANTE EL ACREDITATION INTERNATIONAL ROYAL INSTITUTE OF BRITISH ARCHITECTS  RIBA (2/2),CERRADO,2009,ARCHIVO HISTORICO,2,116,,08/08/2006,03/10/2009,,,DC,,,RO,21,A,3,4,69,1190,,,B21-LA-ES3-EN4-CJ69-CP1190,CARRERA ARQUITECTURA,"CARTAS
RESOLUCION
CONTENIDO DE LA ACREDITACION
RECOMENDACIONES",7,65,PONTIFICIA UNIVERSIDAD JAVERIANA,VICERRECTORIA ACADEMICA,FACULTAD DE ARQUITECTURA Y DISEÑO,CARRERA DE ARQUITECTURA,CARPETA,ARCHIVO HISTORICO,FOLIO 116 INCLUYE 2 CDS E INVITACIONES,,CONSERVACION TOTAL,,,PENDIENTE,MAESTDPVRACFACADPRECAR2023
,VRAC-FAC-AD-PRE-CAR,BOG,,ACREDITACION,,ACREDITACION DE PROGRAMAS ACADEMICOS,,ACREDITACION NACIONAL VOLUNTARIA ANTE EL CONSEJO NACIONAL DE ACREDITACION,CERRADO,2009,ARCHIVO HISTORICO,1,82,,13/09/2004,14/04/2009,,,DC,,,RO,21,A,3,4,69,1191,,,B21-LA-ES3-EN4-CJ69-CP1191,CARRERA ARQUITECTURA,"CARTAS
CONTENIDO DE LA ACREDITACION
RECOMENDACIONES
DOCUMENTOS MAESTROS DE LA ACREDITACION VOLUNTARIA
SYLLABUS",8,66,PONTIFICIA UNIVERSIDAD JAVERIANA,VICERRECTORIA ACADEMICA,FACULTAD DE ARQUITECTURA Y DISEÑO,CARRERA DE ARQUITECTURA,CARPETA,ARCHIVO HISTORICO,,,CONSERVACION TOTAL,,,PENDIENTE,MAESTDPVRACFACADPRECAR2023
,VRAC-FAC-AD-PRE-CAR,BOG,,ACREDITACION,,ACREDITACION DE PROGRAMAS ACADEMICOS,,ACREDITACION INTERNACIONAL ANTE EL ACREDITATION INTERNATIONAL ROYAL INSTITUTE OF BRITISH ARCHITECTS RIBA,CERRADO,2009,ARCHIVO HISTORICO,3,37,,19/03/2008,15/08/2009,,,DC,,,RO,21,A,3,4,69,1192,,,B21-LA-ES3-EN4-CJ69-CP1192,CARRERA ARQUITECTURA,"COMUNICADOS OFICIALES
NOTAS
CARTAS
MEMORANDOS",9,67,PONTIFICIA UNIVERSIDAD JAVERIANA,VICERRECTORIA ACADEMICA,FACULTAD DE ARQUITECTURA Y DISEÑO,CARRERA DE ARQUITECTURA,CARPETA,ARCHIVO HISTORICO,FOLIO 37 UN ANILLADO,,CONSERVACION TOTAL,,,PENDIENTE,MAESTDPVRACFACADPRECAR2023
,VRAC-FAC-AD-PRE-CAR,BOG,,ACREDITACION,,ACREDITACION DE PROGRAMAS ACADEMICOS,,ACREDITACION NACIONAL VOLUNTARIA ANTE EL CONSEJO NACIONAL DE ACREDITACION,CERRADO,2012,ARCHIVO HISTORICO,2,62,,01/08/2011,31/12/2012,,,DC,,,RO,21,A,3,4,69,1193,,,B21-LA-ES3-EN4-CJ69-CP1193,CARRERA ARQUITECTURA,"DOCUMENTO MAESTRO PARA LA ACREDITACION VOLUNTARIA
CURRICULO VIGENTE DE 2008 A 2012",10,68,PONTIFICIA UNIVERSIDAD JAVERIANA,VICERRECTORIA ACADEMICA,FACULTAD DE ARQUITECTURA Y DISEÑO,CARRERA DE ARQUITECTURA,CARPETA,ARCHIVO HISTORICO,,,CONSERVACION TOTAL,,,PENDIENTE,MAESTDPVRACFACADPRECAR2023
,VRAC-FAC-AD-PRE-CAR,BOG,,ACREDITACION,,ACREDITACION DE PROGRAMAS ACADEMICOS,,ACREDITACION INTERNACIONAL ANTE EL ACREDITATION INTERNATIONAL ROYAL INSTITUTE OF BRITISH ARCHITECTS RIBA,CERRADO,2013,ARCHIVO HISTORICO,4,113,,17/02/2011,25/06/2013,,,DC,,,RO,21,A,3,4,69,1194,,,B21-LA-ES3-EN4-CJ69-CP1194,CARRERA ARQUITECTURA,"COMUNICADOS OFICIALES
DOCUMENTO PARA LA ACREDITACION
SYLLABUS DEL PROGRAMA
CORREOS ELECTRONICOS
RECOMENDACIONES",11,69,PONTIFICIA UNIVERSIDAD JAVERIANA,VICERRECTORIA ACADEMICA,FACULTAD DE ARQUITECTURA Y DISEÑO,CARRERA DE ARQUITECTURA,CARPETA,ARCHIVO HISTORICO,,,CONSERVACION TOTAL,,,PENDIENTE,MAESTDPVRACFACADPRECAR2023
,VRAC-FAC-AD-PRE-CAR,BOG,,ACREDITACION,,ACREDITACION DE PROGRAMAS ACADEMICOS,,ACREDITACION NACIONAL  VOLUNTARIA ANTE EL CONSEJO NACIONAL DE ACREDITACION,CERRADO,2014,ARCHIVO HISTORICO,1,69,,12/08/2013,29/07/2014,,,DC,,,RO,21,A,3,5,70,1195,,,B21-LA-ES3-EN5-CJ70-CP1195,CARRERA ARQUITECTURA,"CARTAS
CONTENIDO DE LA ACREDITACION
RECOMENDACIONES
DOCUMENTOS MAESTROS DE LA ACREDITACION VOLUNTARIA",12,70,PONTIFICIA UNIVERSIDAD JAVERIANA,VICERRECTORIA ACADEMICA,FACULTAD DE ARQUITECTURA Y DISEÑO,CARRERA DE ARQUITECTURA,CARPETA,ARCHIVO HISTORICO,EN EL FOLIO 69 HAY 4 ANILLADOS DE LOS DOCUMENTOS MAESTROS PARA LA ACREDITACIÓN VOLUNTARIA ,,CONSERVACION TOTAL,,,PENDIENTE,MAESTDPVRACFACADPRECAR2023
,VRAC-FAC-AD-PRE-CAR,BOG,,ACREDITACION,,ACREDITACION DE PROGRAMAS ACADEMICOS,,ACREDITACION NACIONAL VOLUNTARIA ANTE EL CONSEJO NACIONAL DE ACREDITACION,CERRADO,2014,ARCHIVO HISTORICO,3,4,,29/07/2014,29/07/2014,,,DC,,,RO,21,A,3,5,70,1196,,,B21-LA-ES3-EN5-CJ70-CP1196,CARRERA ARQUITECTURA,"ACTA DE APROBACION Y RESOLUCION DE APROBACION DE LA ACREDITACION
DOCUMENTO MAESTRO",13,71,PONTIFICIA UNIVERSIDAD JAVERIANA,VICERRECTORIA ACADEMICA,FACULTAD DE ARQUITECTURA Y DISEÑO,CARRERA DE ARQUITECTURA,CARPETA,ARCHIVO HISTORICO,FOLIO 4 ANILLADO CON DOCUMENTO MAESTRO,,CONSERVACION TOTAL,,,PENDIENTE,MAESTDPVRACFACADPRECAR2023
,VRAC-FAC-AD-PRE-CAR,BOG,,ACREDITACION,,ACREDITACION DE PROGRAMAS ACADEMICOS,,ACREDITACION INTERNACIONAL ANTE EL ACREDITATION INTERNATIONAL ROYAL INSTITUTE OF BRITISH ARCHITECTS RIBA,CERRADO,2016,ARCHIVO HISTORICO,6,33,,08/02/2016,10/10/2016,,,DC,,,RO,21,A,3,5,70,1197,,,B21-LA-ES3-EN5-CJ70-CP1197,CARRERA ARQUITECTURA,"COMUNICADOS OFICIALES
DOCUMENTOS
CONTRATOS",14,72,PONTIFICIA UNIVERSIDAD JAVERIANA,VICERRECTORIA ACADEMICA,FACULTAD DE ARQUITECTURA Y DISEÑO,CARRERA DE ARQUITECTURA,CARPETA,ARCHIVO HISTORICO,,,CONSERVACION TOTAL,,,PENDIENTE,MAESTDPVRACFACADPRECAR2023
