VersionTRD,CodigoReferencia,CodigoGeografico,CodigoSerie,Serie,CodigoSubserie,Subserie,CodigoSerieSubserie,Asunto,EstadoExpediente,FechaCierre,EstadoFaseArchivo,Volumen,NoFolios,NumeroDocumentos,FechaInicial,FechaFinal,NumeroCajaCustodioASE,NumeroCarpetaCustodioASE,Deposito,Area,Piso,TipoMobiliario,Bloque,Lado,Estante,Entrepaño,NumeroCajaFisica,NumeroCarpetaFisica,UbicacionArchivoGestion,UbicacionArchivoCentralASE,UbicacionArchivoHistorico,Unidadqueelaboró,Contenido,NumerodeOrden,Fondo,Subfondo,Seccion,Subseccion,UnidadConservacionySoporte,ArchivoaTransferir,Observaciones,AgrupacionDocumental,Disposicion Final,NumeroCajaCustodio,NumeroCarpetaCustodio,Estado,HojaOrigen
,VRAC-FAC-AR-SFA,BOG,,CALIFICACIONES,,,,CURSOS LIBRES DE MUSICA ,CERRADO,1990,ARCHIVO HISTORICO,1,,,1990,1990,,,DC,,,RO,20,B,4,7,24,81,,,B20-LB-ES4-EN7-CJ24-CP81,FACULTAD DE ARTES,LISTA DE CALIFICACIONES DEFINITIVAS,80,PONTIFICIA UNIVERSIDAD JAVERIANA,VICERRECTORIA ACADEMICA,FACULTAD DE ARTES,SECRETARIA DE FACULTAD,LIBRO EMPASTADO,ARCHIVO HISTORICO,,,CONSERVACION TOTAL,,,PENDIENTE,MAESTDPVRACFACARSFA2016
,VRAC-FAC-AR-SFA,BOG,,CALIFICACIONES,,,,CURSOS LIBRES DE MUSICA SEGUNDO SEMESTRE ,CERRADO,1990,ARCHIVO HISTORICO,1,,,1990,1990,,,DC,,,RO,20,B,4,7,25,83,,,B20-LB-ES4-EN7-CJ25-CP83,FACULTAD DE ARTES,LISTA DE CALIFICACIONES DEFINITIVAS,82,PONTIFICIA UNIVERSIDAD JAVERIANA,VICERRECTORIA ACADEMICA,FACULTAD DE ARTES,SECRETARIA DE FACULTAD,LIBRO EMPASTADO,ARCHIVO HISTORICO,,,CONSERVACION TOTAL,,,PENDIENTE,MAESTDPVRACFACARSFA2016
,VRAC-FAC-AR-SFA,BOG,,CALIFICACIONES,,,,SERVICIOS INTERFACULTADES,CERRADO,1990,ARCHIVO HISTORICO,1,,,1987,1990,,,DC,,,RO,20,B,5,1,26,90,,,B20-LB-ES5-EN1-CJ26-CP90,FACULTAD DE ARTES,LISTA DE CALIFICACIONES DEFINITIVAS,99,PONTIFICIA UNIVERSIDAD JAVERIANA,VICERRECTORIA ACADEMICA,FACULTAD DE ARTES,SECRETARIA DE FACULTAD,LIBRO EMPASTADO,ARCHIVO HISTORICO,,,CONSERVACION TOTAL,,,PENDIENTE,MAESTDPVRACFACARSFA2016
,VRAC-FAC-AR-SFA,BOG,,CALIFICACIONES,,,,CURSOS LIBRES DE MUSICA PRIMER SEMESTRE,CERRADO,1991,ARCHIVO HISTORICO,1,,,1991,1991,,,DC,,,RO,20,B,4,7,25,84,,,B20-LB-ES4-EN7-CJ25-CP84,FACULTAD DE ARTES,LISTA DE CALIFICACIONES DEFINITIVAS,83,PONTIFICIA UNIVERSIDAD JAVERIANA,VICERRECTORIA ACADEMICA,FACULTAD DE ARTES,SECRETARIA DE FACULTAD,LIBRO EMPASTADO,ARCHIVO HISTORICO,,,CONSERVACION TOTAL,,,PENDIENTE,MAESTDPVRACFACARSFA2016
,VRAC-FAC-AR-SFA,BOG,,CALIFICACIONES,,,,CURSOS LIBRES DE MUSICA SEGUNDO SEMESTRE ,CERRADO,1991,ARCHIVO HISTORICO,2,,,1991,1991,,,DC,,,RO,20,B,4,7,25,85,,,B20-LB-ES4-EN7-CJ25-CP85,FACULTAD DE ARTES,LISTA DE CALIFICACIONES DEFINITIVAS,84,PONTIFICIA UNIVERSIDAD JAVERIANA,VICERRECTORIA ACADEMICA,FACULTAD DE ARTES,SECRETARIA DE FACULTAD,LIBRO EMPASTADO,ARCHIVO HISTORICO,,,CONSERVACION TOTAL,,,PENDIENTE,MAESTDPVRACFACARSFA2016
,VRAC-FAC-AR-SFA,BOG,,CALIFICACIONES,,,,CURSOS LIBRES DE MUSICA,CERRADO,1991,ARCHIVO HISTORICO,2,,,1991,1991,,,DC,,,RO,20,B,5,1,26,89,,,B20-LB-ES5-EN1-CJ26-CP89,FACULTAD DE ARTES,LISTA DE CALIFICACIONES DEFINITIVAS,88,PONTIFICIA UNIVERSIDAD JAVERIANA,VICERRECTORIA ACADEMICA,FACULTAD DE ARTES,SECRETARIA DE FACULTAD,LIBRO EMPASTADO,ARCHIVO HISTORICO,,,CONSERVACION TOTAL,,,PENDIENTE,MAESTDPVRACFACARSFA2016
,VRAC-FAC-AR-SFA,BOG,,CALIFICACIONES,,,,SERVICIOS INTERFACULTADES,CERRADO,1991,ARCHIVO HISTORICO,2,,,1991,1991,,,DC,,,RO,20,B,5,1,26,93,,,B20-LB-ES5-EN1-CJ26-CP93,FACULTAD DE ARTES,LISTA DE CALIFICACIONES DEFINITIVAS,102,PONTIFICIA UNIVERSIDAD JAVERIANA,VICERRECTORIA ACADEMICA,FACULTAD DE ARTES,SECRETARIA DE FACULTAD,LIBRO EMPASTADO,ARCHIVO HISTORICO,,,CONSERVACION TOTAL,,,PENDIENTE,MAESTDPVRACFACARSFA2016
,VRAC-FAC-AR-SFA,BOG,,CALIFICACIONES,,,,SERVICIOS INTERFACULTADES,CERRADO,1991,ARCHIVO HISTORICO,3,,,1991,1991,,,DC,,,RO,20,B,5,1,26,94,,,B20-LB-ES5-EN1-CJ26-CP94,FACULTAD DE ARTES,LISTA DE CALIFICACIONES DEFINITIVAS,103,PONTIFICIA UNIVERSIDAD JAVERIANA,VICERRECTORIA ACADEMICA,FACULTAD DE ARTES,SECRETARIA DE FACULTAD,LIBRO EMPASTADO,ARCHIVO HISTORICO,,,CONSERVACION TOTAL,,,PENDIENTE,MAESTDPVRACFACARSFA2016
,VRAC-FAC-AR-SFA,BOG,,CALIFICACIONES,,,,NOTAS DE CARRERA DE ESTUDIOS MUSICALES,CERRADO,1992,ARCHIVO HISTORICO,1,,,1992,1992,,,DC,,,RO,20,B,3,7,2,2,,,B20-LB-ES3-EN7-CJ2-CP2,FACULTAD DE ARTES,LISTA DE CALIFICACIONES DEFINITIVAS,1,PONTIFICIA UNIVERSIDAD JAVERIANA,VICERRECTORIA ACADEMICA,FACULTAD DE ARTES,SECRETARIA DE FACULTAD,LIBRO EMPASTADO,ARCHIVO HISTORICO,,,CONSERVACION TOTAL,,,PENDIENTE,MAESTDPVRACFACARSFA2016
,VRAC-FAC-AR-SFA,BOG,,CALIFICACIONES,,,,CURSOS LIBRES DE MUSICA ,CERRADO,1992,ARCHIVO HISTORICO,2,,,1990,1992,,,DC,,,RO,20,B,4,7,25,82,,,B20-LB-ES4-EN7-CJ25-CP82,FACULTAD DE ARTES,LISTA DE CALIFICACIONES DEFINITIVAS,81,PONTIFICIA UNIVERSIDAD JAVERIANA,VICERRECTORIA ACADEMICA,FACULTAD DE ARTES,SECRETARIA DE FACULTAD,LIBRO EMPASTADO,ARCHIVO HISTORICO,,,CONSERVACION TOTAL,,,PENDIENTE,MAESTDPVRACFACARSFA2016
,VRAC-FAC-AR-SFA,BOG,,CALIFICACIONES,,,,CURSOS LIBRES DE MUSICA PRIMER SEMESTRE,CERRADO,1992,ARCHIVO HISTORICO,2,,,1992,1992,,,DC,,,RO,20,B,4,7,25,86,,,B20-LB-ES4-EN7-CJ25-CP86,FACULTAD DE ARTES,LISTA DE CALIFICACIONES DEFINITIVAS,85,PONTIFICIA UNIVERSIDAD JAVERIANA,VICERRECTORIA ACADEMICA,FACULTAD DE ARTES,SECRETARIA DE FACULTAD,LIBRO EMPASTADO,ARCHIVO HISTORICO,,,CONSERVACION TOTAL,,,PENDIENTE,MAESTDPVRACFACARSFA2016
,VRAC-FAC-AR-SFA,BOG,,CALIFICACIONES,,,,CURSOS LIBRES DE MUSICA SEGUNDO SEMESTRE ,CERRADO,1992,ARCHIVO HISTORICO,3,,,1992,1992,,,DC,,,RO,20,B,4,7,25,87,,,B20-LB-ES4-EN7-CJ25-CP87,FACULTAD DE ARTES,LISTA DE CALIFICACIONES DEFINITIVAS,86,PONTIFICIA UNIVERSIDAD JAVERIANA,VICERRECTORIA ACADEMICA,FACULTAD DE ARTES,SECRETARIA DE FACULTAD,LIBRO EMPASTADO,ARCHIVO HISTORICO,,,CONSERVACION TOTAL,,,PENDIENTE,MAESTDPVRACFACARSFA2016
,VRAC-FAC-AR-SFA,BOG,,CALIFICACIONES,,,,SERVICIOS INTERFACULTADES,CERRADO,1992,ARCHIVO HISTORICO,4,,,1992,1992,,,DC,,,RO,20,B,5,1,26,92,,,B20-LB-ES5-EN1-CJ26-CP92,FACULTAD DE ARTES,LISTA DE CALIFICACIONES DEFINITIVAS,101,PONTIFICIA UNIVERSIDAD JAVERIANA,VICERRECTORIA ACADEMICA,FACULTAD DE ARTES,SECRETARIA DE FACULTAD,LIBRO EMPASTADO,ARCHIVO HISTORICO,,,CONSERVACION TOTAL,,,PENDIENTE,MAESTDPVRACFACARSFA2016
,VRAC-FAC-AR-SFA,BOG,,CALIFICACIONES,,,,NOTAS DE CARRERA DE ESTUDIOS MUSICALES,CERRADO,1993,ARCHIVO HISTORICO,2,,,1993,1993,,,DC,,,RO,20,B,3,7,2,3,,,B20-LB-ES3-EN7-CJ2-CP3,FACULTAD DE ARTES,LISTA DE CALIFICACIONES DEFINITIVAS,2,PONTIFICIA UNIVERSIDAD JAVERIANA,VICERRECTORIA ACADEMICA,FACULTAD DE ARTES,SECRETARIA DE FACULTAD,LIBRO EMPASTADO,ARCHIVO HISTORICO,,,CONSERVACION TOTAL,,,PENDIENTE,MAESTDPVRACFACARSFA2016
,VRAC-FAC-AR-SFA,BOG,,CALIFICACIONES,,,,CURSOS LIBRES DE MUSICA PRIMER SEMESTRE,CERRADO,1993,ARCHIVO HISTORICO,3,,,1993,1993,,,DC,,,RO,20,B,5,1,26,88,,,B20-LB-ES5-EN1-CJ26-CP88,FACULTAD DE ARTES,LISTA DE CALIFICACIONES DEFINITIVAS,87,PONTIFICIA UNIVERSIDAD JAVERIANA,VICERRECTORIA ACADEMICA,FACULTAD DE ARTES,SECRETARIA DE FACULTAD,LIBRO EMPASTADO,ARCHIVO HISTORICO,,,CONSERVACION TOTAL,,,PENDIENTE,MAESTDPVRACFACARSFA2016
,VRAC-FAC-AR-SFA,BOG,,CALIFICACIONES,,,,SERVICIOS INTERFACULTADES,CERRADO,1993,ARCHIVO HISTORICO,5,,,1993,1993,,,DC,,,RO,20,B,5,1,26,91,,,B20-LB-ES5-EN1-CJ26-CP91,FACULTAD DE ARTES,LISTA DE CALIFICACIONES DEFINITIVAS,100,PONTIFICIA UNIVERSIDAD JAVERIANA,VICERRECTORIA ACADEMICA,FACULTAD DE ARTES,SECRETARIA DE FACULTAD,LIBRO EMPASTADO,ARCHIVO HISTORICO,,,CONSERVACION TOTAL,,,PENDIENTE,MAESTDPVRACFACARSFA2016
,VRAC-FAC-AR-SFA,BOG,,CALIFICACIONES,,,,NOTAS DE CARRERA DE ESTUDIOS MUSICALES,CERRADO,1994,ARCHIVO HISTORICO,3,,,1994,1994,,,DC,,,RO,20,B,3,7,2,4,,,B20-LB-ES3-EN7-CJ2-CP4,FACULTAD DE ARTES,LISTA DE CALIFICACIONES DEFINITIVAS,3,PONTIFICIA UNIVERSIDAD JAVERIANA,VICERRECTORIA ACADEMICA,FACULTAD DE ARTES,SECRETARIA DE FACULTAD,LIBRO EMPASTADO,ARCHIVO HISTORICO,,,CONSERVACION TOTAL,,,PENDIENTE,MAESTDPVRACFACARSFA2016
,VRAC-FAC-AR-SFA,BOG,,CALIFICACIONES,,,,SERVICIOS INTERFACULTADES,CERRADO,1994,ARCHIVO HISTORICO,6,,,1994,1994,,,DC,,,RO,20,B,5,1,27,96,,,B20-LB-ES5-EN1-CJ27-CP96,FACULTAD DE ARTES,LISTA DE CALIFICACIONES DEFINITIVAS,105,PONTIFICIA UNIVERSIDAD JAVERIANA,VICERRECTORIA ACADEMICA,FACULTAD DE ARTES,SECRETARIA DE FACULTAD,LIBRO EMPASTADO,ARCHIVO HISTORICO,,,CONSERVACION TOTAL,,,PENDIENTE,MAESTDPVRACFACARSFA2016
,VRAC-FAC-AR-SFA,BOG,,CALIFICACIONES,,,,SERVICIOS INTERFACULTADES,CERRADO,1994,ARCHIVO HISTORICO,7,,,1994,1994,,,DC,,,RO,20,B,5,1,27,97,,,B20-LB-ES5-EN1-CJ27-CP97,FACULTAD DE ARTES,LISTA DE CALIFICACIONES DEFINITIVAS,106,PONTIFICIA UNIVERSIDAD JAVERIANA,VICERRECTORIA ACADEMICA,FACULTAD DE ARTES,SECRETARIA DE FACULTAD,LIBRO EMPASTADO,ARCHIVO HISTORICO,,,CONSERVACION TOTAL,,,PENDIENTE,MAESTDPVRACFACARSFA2016
,VRAC-FAC-AR-SFA,BOG,,CALIFICACIONES,,,,NOTAS DE CARRERA DE ESTUDIOS MUSICALES,CERRADO,1995,ARCHIVO HISTORICO,4,,,1995,1995,,,DC,,,RO,20,B,3,7,2,5,,,B20-LB-ES3-EN7-CJ2-CP5,FACULTAD DE ARTES,LISTA DE CALIFICACIONES DEFINITIVAS,4,PONTIFICIA UNIVERSIDAD JAVERIANA,VICERRECTORIA ACADEMICA,FACULTAD DE ARTES,SECRETARIA DE FACULTAD,LIBRO EMPASTADO,ARCHIVO HISTORICO,,,CONSERVACION TOTAL,,,PENDIENTE,MAESTDPVRACFACARSFA2016
,VRAC-FAC-AR-SFA,BOG,,CALIFICACIONES,,,,NOTAS PROGRAMA INFANTIL Y JUVENIL,CERRADO,1995,ARCHIVO HISTORICO,1,,,1995,1995,,,DC,,,RO,,,,,,,,,,FACULTAD DE ARTES,LISTA DE CALIFICACIONES DEFINITIVAS,89,PONTIFICIA UNIVERSIDAD JAVERIANA,VICERRECTORIA ACADEMICA,FACULTAD DE ARTES,SECRETARIA DE FACULTAD,LIBRO EMPASTADO,ARCHIVO HISTORICO,REACTIVADA EL 10/11/2016 POR LA FACULTAD,,CONSERVACION TOTAL,,,PENDIENTE,MAESTDPVRACFACARSFA2016
,VRAC-FAC-AR-SFA,BOG,,CALIFICACIONES,,,,SERVICIOS INTERFACULTADES,CERRADO,1995,ARCHIVO HISTORICO,8,,,1995,1995,,,DC,,,RO,20,B,5,1,26,95,,,B20-LB-ES5-EN1-CJ26-CP95,FACULTAD DE ARTES,LISTA DE CALIFICACIONES DEFINITIVAS,104,PONTIFICIA UNIVERSIDAD JAVERIANA,VICERRECTORIA ACADEMICA,FACULTAD DE ARTES,SECRETARIA DE FACULTAD,LIBRO EMPASTADO,ARCHIVO HISTORICO,,,CONSERVACION TOTAL,,,PENDIENTE,MAESTDPVRACFACARSFA2016
,VRAC-FAC-AR-SFA,BOG,,CALIFICACIONES,,,,NOTAS DE CARRERA DE ESTUDIOS MUSICALES,CERRADO,1996,ARCHIVO HISTORICO,5,,,1996,1996,,,DC,,,RO,20,B,3,7,3,6,,,B20-LB-ES3-EN7-CJ3-CP6,FACULTAD DE ARTES,LISTA DE CALIFICACIONES DEFINITIVAS,5,PONTIFICIA UNIVERSIDAD JAVERIANA,VICERRECTORIA ACADEMICA,FACULTAD DE ARTES,SECRETARIA DE FACULTAD,LIBRO EMPASTADO,ARCHIVO HISTORICO,,,CONSERVACION TOTAL,,,PENDIENTE,MAESTDPVRACFACARSFA2016
,VRAC-FAC-AR-SFA,BOG,,CALIFICACIONES,,,,NOTAS DE CARRERA DE ESTUDIOS MUSICALES SEGUNDO PERIODO,CERRADO,1996,ARCHIVO HISTORICO,1,,,1996,1996,,,DC,,,RO,20,B,3,7,3,7,,,B20-LB-ES3-EN7-CJ3-CP7,FACULTAD DE ARTES,LISTA DE CALIFICACIONES DEFINITIVAS,6,PONTIFICIA UNIVERSIDAD JAVERIANA,VICERRECTORIA ACADEMICA,FACULTAD DE ARTES,SECRETARIA DE FACULTAD,LIBRO EMPASTADO,ARCHIVO HISTORICO,,,CONSERVACION TOTAL,,,PENDIENTE,MAESTDPVRACFACARSFA2016
,VRAC-FAC-AR-SFA,BOG,,CALIFICACIONES,,,,SERVICIOS INTERFACULTADES,CERRADO,1996,ARCHIVO HISTORICO,9,,,1996,1996,,,DC,,,RO,20,B,5,1,27,98,,,B20-LB-ES5-EN1-CJ27-CP98,FACULTAD DE ARTES,LISTA DE CALIFICACIONES DEFINITIVAS,107,PONTIFICIA UNIVERSIDAD JAVERIANA,VICERRECTORIA ACADEMICA,FACULTAD DE ARTES,SECRETARIA DE FACULTAD,LIBRO EMPASTADO,ARCHIVO HISTORICO,,,CONSERVACION TOTAL,,,PENDIENTE,MAESTDPVRACFACARSFA2016
,VRAC-FAC-AR-SFA,BOG,,CALIFICACIONES,,,,NOTAS DE CARRERA DE ESTUDIOS MUSICALES PRIMER PERIODO,CERRADO,1997,ARCHIVO HISTORICO,1,,,1997,1997,,,DC,,,RO,20,B,3,7,3,8,,,B20-LB-ES3-EN7-CJ3-CP8,FACULTAD DE ARTES,LISTA DE CALIFICACIONES DEFINITIVAS,7,PONTIFICIA UNIVERSIDAD JAVERIANA,VICERRECTORIA ACADEMICA,FACULTAD DE ARTES,SECRETARIA DE FACULTAD,LIBRO EMPASTADO,ARCHIVO HISTORICO,,,CONSERVACION TOTAL,,,PENDIENTE,MAESTDPVRACFACARSFA2016
,VRAC-FAC-AR-SFA,BOG,,CALIFICACIONES,,,,NOTAS DE CARRERA DE ESTUDIOS MUSICALES SEGUNDO PERIODO,CERRADO,1987,ARCHIVO HISTORICO,2,,,1997,1997,,,DC,,,RO,20,B,3,7,3,9,,,B20-LB-ES3-EN7-CJ3-CP9,FACULTAD DE ARTES,LISTA DE CALIFICACIONES DEFINITIVAS,8,PONTIFICIA UNIVERSIDAD JAVERIANA,VICERRECTORIA ACADEMICA,FACULTAD DE ARTES,SECRETARIA DE FACULTAD,LIBRO EMPASTADO,ARCHIVO HISTORICO,,,CONSERVACION TOTAL,,,PENDIENTE,MAESTDPVRACFACARSFA2016
,VRAC-FAC-AR-SFA,BOG,,CALIFICACIONES,,,,NOTAS DE CARRERA DE ARTES VISUALES,CERRADO,1997,ARCHIVO HISTORICO,1,,,1990,1997,,,DC,,,RO,20,B,4,5,17,52,,,B20-LB-ES4-EN5-CJ17-CP52,FACULTAD DE ARTES,LISTA DE CALIFICACIONES DEFINITIVAS,51,PONTIFICIA UNIVERSIDAD JAVERIANA,VICERRECTORIA ACADEMICA,FACULTAD DE ARTES,SECRETARIA DE FACULTAD,LIBRO EMPASTADO,ARCHIVO HISTORICO,,,CONSERVACION TOTAL,,,PENDIENTE,MAESTDPVRACFACARSFA2016
,VRAC-FAC-AR-SFA,BOG,,CALIFICACIONES,,,,NOTAS PROGRAMA INFANTIL Y JUVENIL,CERRADO,1997,ARCHIVO HISTORICO,2,,,1997,1997,,,DC,,,RO,,,,,,,,,,FACULTAD DE ARTES,LISTA DE CALIFICACIONES DEFINITIVAS,90,PONTIFICIA UNIVERSIDAD JAVERIANA,VICERRECTORIA ACADEMICA,FACULTAD DE ARTES,SECRETARIA DE FACULTAD,LIBRO EMPASTADO,ARCHIVO HISTORICO,REACTIVADA EL 10/11/2016 POR LA FACULTAD,,CONSERVACION TOTAL,,,PENDIENTE,MAESTDPVRACFACARSFA2016
,VRAC-FAC-AR-SFA,BOG,,CALIFICACIONES,,,,SERVICIOS INTERFACULTADES,CERRADO,1997,ARCHIVO HISTORICO,10,,,1997,1997,,,DC,,,RO,20,B,5,1,27,99,,,B20-LB-ES5-EN1-CJ27-CP99,FACULTAD DE ARTES,LISTA DE CALIFICACIONES DEFINITIVAS,108,PONTIFICIA UNIVERSIDAD JAVERIANA,VICERRECTORIA ACADEMICA,FACULTAD DE ARTES,SECRETARIA DE FACULTAD,LIBRO EMPASTADO,ARCHIVO HISTORICO,,,CONSERVACION TOTAL,,,PENDIENTE,MAESTDPVRACFACARSFA2016
,VRAC-FAC-AR-SFA,BOG,,CALIFICACIONES,,,,NOTAS DE CARRERA DE ESTUDIOS MUSICALES PRIMER PERIODO,CERRADO,1998,ARCHIVO HISTORICO,2,,,1998,1998,,,DC,,,RO,20,B,3,7,4,10,,,B20-LB-ES3-EN7-CJ4-CP10,FACULTAD DE ARTES,LISTA DE CALIFICACIONES DEFINITIVAS,9,PONTIFICIA UNIVERSIDAD JAVERIANA,VICERRECTORIA ACADEMICA,FACULTAD DE ARTES,SECRETARIA DE FACULTAD,LIBRO EMPASTADO,ARCHIVO HISTORICO,,,CONSERVACION TOTAL,,,PENDIENTE,MAESTDPVRACFACARSFA2016
,VRAC-FAC-AR-SFA,BOG,,CALIFICACIONES,,,,NOTAS DE CARRERA DE ESTUDIOS MUSICALES SEGUNDO PERIODO,CERRADO,1998,ARCHIVO HISTORICO,3,,,1998,1998,,,DC,,,RO,20,B,3,7,4,11,,,B20-LB-ES3-EN7-CJ4-CP11,FACULTAD DE ARTES,LISTA DE CALIFICACIONES DEFINITIVAS,10,PONTIFICIA UNIVERSIDAD JAVERIANA,VICERRECTORIA ACADEMICA,FACULTAD DE ARTES,SECRETARIA DE FACULTAD,LIBRO EMPASTADO,ARCHIVO HISTORICO,,,CONSERVACION TOTAL,,,PENDIENTE,MAESTDPVRACFACARSFA2016
,VRAC-FAC-AR-SFA,BOG,,CALIFICACIONES,,,,NOTAS DE CARRERA DE ARTES VISUALES,CERRADO,1998,ARCHIVO HISTORICO,2,,,1998,1998,,,DC,,,RO,20,B,4,5,17,53,,,B20-LB-ES4-EN5-CJ17-CP53,FACULTAD DE ARTES,LISTA DE CALIFICACIONES DEFINITIVAS,52,PONTIFICIA UNIVERSIDAD JAVERIANA,VICERRECTORIA ACADEMICA,FACULTAD DE ARTES,SECRETARIA DE FACULTAD,LIBRO EMPASTADO,ARCHIVO HISTORICO,,,CONSERVACION TOTAL,,,PENDIENTE,MAESTDPVRACFACARSFA2016
,VRAC-FAC-AR-SFA,BOG,,CALIFICACIONES,,,,NOTAS ACADEMICAS INTERSEMESTRALES,CERRADO,1998,ARCHIVO HISTORICO,1,,,1986,1998,,,DC,,,RO,20,B,4,7,24,80,,,B20-LB-ES4-EN7-CJ24-CP80,FACULTAD DE ARTES,LISTA DE CALIFICACIONES DEFINITIVAS,79,PONTIFICIA UNIVERSIDAD JAVERIANA,VICERRECTORIA ACADEMICA,FACULTAD DE ARTES,SECRETARIA DE FACULTAD,LIBRO EMPASTADO,ARCHIVO HISTORICO,,,CONSERVACION TOTAL,,,PENDIENTE,MAESTDPVRACFACARSFA2016
,VRAC-FAC-AR-SFA,BOG,,CALIFICACIONES,,,,NOTAS PROGRAMA INFANTIL Y JUVENIL,CERRADO,1998,ARCHIVO HISTORICO,3,,,1998,1998,,,DC,,,RO,,,,,,,,,,FACULTAD DE ARTES,LISTA DE CALIFICACIONES DEFINITIVAS,91,PONTIFICIA UNIVERSIDAD JAVERIANA,VICERRECTORIA ACADEMICA,FACULTAD DE ARTES,SECRETARIA DE FACULTAD,LIBRO EMPASTADO,ARCHIVO HISTORICO,REACTIVADA EL 10/11/2016 POR LA FACULTAD,,CONSERVACION TOTAL,,,PENDIENTE,MAESTDPVRACFACARSFA2016
,VRAC-FAC-AR-SFA,BOG,,CALIFICACIONES,,,,SERVICIOS INTERFACULTADES,CERRADO,1998,ARCHIVO HISTORICO,11,,,1998,1998,,,DC,,,RO,20,B,5,1,27,100,,,B20-LB-ES5-EN1-CJ27-CP100,FACULTAD DE ARTES,LISTA DE CALIFICACIONES DEFINITIVAS,109,PONTIFICIA UNIVERSIDAD JAVERIANA,VICERRECTORIA ACADEMICA,FACULTAD DE ARTES,SECRETARIA DE FACULTAD,LIBRO EMPASTADO,ARCHIVO HISTORICO,,,CONSERVACION TOTAL,,,PENDIENTE,MAESTDPVRACFACARSFA2016
,VRAC-FAC-AR-SFA,BOG,,CALIFICACIONES,,,,NOTAS DE CARRERA DE ESTUDIOS MUSICALES PRIMER PERIODO,CERRADO,1999,ARCHIVO HISTORICO,3,,,1999,1999,,,DC,,,RO,20,B,3,7,4,12,,,B20-LB-ES3-EN7-CJ4-CP12,FACULTAD DE ARTES,LISTA DE CALIFICACIONES DEFINITIVAS,11,PONTIFICIA UNIVERSIDAD JAVERIANA,VICERRECTORIA ACADEMICA,FACULTAD DE ARTES,SECRETARIA DE FACULTAD,LIBRO EMPASTADO,ARCHIVO HISTORICO,,,CONSERVACION TOTAL,,,PENDIENTE,MAESTDPVRACFACARSFA2016
,VRAC-FAC-AR-SFA,BOG,,CALIFICACIONES,,,,NOTAS DE CARRERA DE ESTUDIOS MUSICALES SEGUNDO PERIODO,CERRADO,1999,ARCHIVO HISTORICO,4,,,1999,1999,,,DC,,,RO,20,B,4,1,5,13,,,B20-LB-ES4-EN1-CJ5-CP13,FACULTAD DE ARTES,LISTA DE CALIFICACIONES DEFINITIVAS,12,PONTIFICIA UNIVERSIDAD JAVERIANA,VICERRECTORIA ACADEMICA,FACULTAD DE ARTES,SECRETARIA DE FACULTAD,LIBRO EMPASTADO,ARCHIVO HISTORICO,,,CONSERVACION TOTAL,,,PENDIENTE,MAESTDPVRACFACARSFA2016
,VRAC-FAC-AR-SFA,BOG,,CALIFICACIONES,,,,NOTAS DE CARRERA DE ARTES VISUALES PRIMER PERIODO,CERRADO,1999,ARCHIVO HISTORICO,1,,,1999,1999,,,DC,,,RO,20,B,4,5,17,54,,,B20-LB-ES4-EN5-CJ17-CP54,FACULTAD DE ARTES,LISTA DE CALIFICACIONES DEFINITIVAS,53,PONTIFICIA UNIVERSIDAD JAVERIANA,VICERRECTORIA ACADEMICA,FACULTAD DE ARTES,SECRETARIA DE FACULTAD,LIBRO EMPASTADO,ARCHIVO HISTORICO,,,CONSERVACION TOTAL,,,PENDIENTE,MAESTDPVRACFACARSFA2016
,VRAC-FAC-AR-SFA,BOG,,CALIFICACIONES,,,,NOTAS DE CARRERA DE ARTES VISUALES SEGUNDO PERIODO,CERRADO,1999,ARCHIVO HISTORICO,1,,,1999,1999,,,DC,,,RO,20,B,4,5,17,55,,,B20-LB-ES4-EN5-CJ17-CP55,FACULTAD DE ARTES,LISTA DE CALIFICACIONES DEFINITIVAS,54,PONTIFICIA UNIVERSIDAD JAVERIANA,VICERRECTORIA ACADEMICA,FACULTAD DE ARTES,SECRETARIA DE FACULTAD,LIBRO EMPASTADO,ARCHIVO HISTORICO,,,CONSERVACION TOTAL,,,PENDIENTE,MAESTDPVRACFACARSFA2016
,VRAC-FAC-AR-SFA,BOG,,CALIFICACIONES,,,,NOTAS PROGRAMA INFANTIL Y JUVENIL,CERRADO,1999,ARCHIVO HISTORICO,4,,,1999,1999,,,DC,,,RO,,,,,,,,,,FACULTAD DE ARTES,LISTA DE CALIFICACIONES DEFINITIVAS,92,PONTIFICIA UNIVERSIDAD JAVERIANA,VICERRECTORIA ACADEMICA,FACULTAD DE ARTES,SECRETARIA DE FACULTAD,LIBRO EMPASTADO,ARCHIVO HISTORICO,REACTIVADA EL 10/11/2016 POR LA FACULTAD,,CONSERVACION TOTAL,,,PENDIENTE,MAESTDPVRACFACARSFA2016
,VRAC-FAC-AR-SFA,BOG,,CALIFICACIONES,,,,SERVICIOS INTERFACULTADES,CERRADO,1999,ARCHIVO HISTORICO,12,,,1999,1999,,,DC,,,RO,20,B,5,1,27,101,,,B20-LB-ES5-EN1-CJ27-CP101,FACULTAD DE ARTES,LISTA DE CALIFICACIONES DEFINITIVAS,110,PONTIFICIA UNIVERSIDAD JAVERIANA,VICERRECTORIA ACADEMICA,FACULTAD DE ARTES,SECRETARIA DE FACULTAD,LIBRO EMPASTADO,ARCHIVO HISTORICO,,,CONSERVACION TOTAL,,,PENDIENTE,MAESTDPVRACFACARSFA2016
,VRAC-FAC-AR-SFA,BOG,,CALIFICACIONES,,,,NOTAS DE CARRERA DE ESTUDIOS MUSICALES PRIMER PERIODO,CERRADO,2000,ARCHIVO HISTORICO,4,,,2000,2000,,,DC,,,RO,20,B,4,1,5,14,,,B20-LB-ES4-EN1-CJ5-CP14,FACULTAD DE ARTES,LISTA DE CALIFICACIONES DEFINITIVAS,13,PONTIFICIA UNIVERSIDAD JAVERIANA,VICERRECTORIA ACADEMICA,FACULTAD DE ARTES,SECRETARIA DE FACULTAD,LIBRO EMPASTADO,ARCHIVO HISTORICO,,,CONSERVACION TOTAL,,,PENDIENTE,MAESTDPVRACFACARSFA2016
,VRAC-FAC-AR-SFA,BOG,,CALIFICACIONES,,,,NOTAS DE CARRERA DE ESTUDIOS MUSICALES SEGUNDO PERIODO,CERRADO,2000,ARCHIVO HISTORICO,5,,,2000,2000,,,DC,,,RO,20,B,4,1,5,15,,,B20-LB-ES4-EN1-CJ5-CP15,FACULTAD DE ARTES,LISTA DE CALIFICACIONES DEFINITIVAS,14,PONTIFICIA UNIVERSIDAD JAVERIANA,VICERRECTORIA ACADEMICA,FACULTAD DE ARTES,SECRETARIA DE FACULTAD,LIBRO EMPASTADO,ARCHIVO HISTORICO,,,CONSERVACION TOTAL,,,PENDIENTE,MAESTDPVRACFACARSFA2016
,VRAC-FAC-AR-SFA,BOG,,CALIFICACIONES,,,,NOTAS DE CARRERA DE ARTES VISUALES  PRIMER PERIODO,CERRADO,2000,ARCHIVO HISTORICO,1,,,2000,2000,,,DC,,,RO,20,B,4,5,18,56,,,B20-LB-ES4-EN5-CJ18-CP56,FACULTAD DE ARTES,LISTA DE CALIFICACIONES DEFINITIVAS,55,PONTIFICIA UNIVERSIDAD JAVERIANA,VICERRECTORIA ACADEMICA,FACULTAD DE ARTES,SECRETARIA DE FACULTAD,LIBRO EMPASTADO,ARCHIVO HISTORICO,,,CONSERVACION TOTAL,,,PENDIENTE,MAESTDPVRACFACARSFA2016
,VRAC-FAC-AR-SFA,BOG,,CALIFICACIONES,,,,NOTAS DE CARRERA DE ARTES VISUALES SEGUNDO PERIODO,CERRADO,2000,ARCHIVO HISTORICO,2,,,2000,2000,,,DC,,,RO,20,B,4,5,18,57,,,B20-LB-ES4-EN5-CJ18-CP57,FACULTAD DE ARTES,LISTA DE CALIFICACIONES DEFINITIVAS,56,PONTIFICIA UNIVERSIDAD JAVERIANA,VICERRECTORIA ACADEMICA,FACULTAD DE ARTES,SECRETARIA DE FACULTAD,LIBRO EMPASTADO,ARCHIVO HISTORICO,,,CONSERVACION TOTAL,,,PENDIENTE,MAESTDPVRACFACARSFA2016
,VRAC-FAC-AR-SFA,BOG,,CALIFICACIONES,,,,NOTAS PROGRAMA INFANTIL Y JUVENIL,CERRADO,2000,ARCHIVO HISTORICO,5,,,2000,2000,,,DC,,,RO,,,,,,,,,,FACULTAD DE ARTES,LISTA DE CALIFICACIONES DEFINITIVAS,93,PONTIFICIA UNIVERSIDAD JAVERIANA,VICERRECTORIA ACADEMICA,FACULTAD DE ARTES,SECRETARIA DE FACULTAD,LIBRO EMPASTADO,ARCHIVO HISTORICO,REACTIVADA EL 10/11/2016 POR LA FACULTAD,,CONSERVACION TOTAL,,,PENDIENTE,MAESTDPVRACFACARSFA2016
,VRAC-FAC-AR-SFA,BOG,,CALIFICACIONES,,,,SERVICIOS INTERFACULTADES,CERRADO,2000,ARCHIVO HISTORICO,13,,,2000,2000,,,DC,,,RO,20,B,5,1,27,102,,,B20-LB-ES5-EN1-CJ27-CP102,FACULTAD DE ARTES,LISTA DE CALIFICACIONES DEFINITIVAS,111,PONTIFICIA UNIVERSIDAD JAVERIANA,VICERRECTORIA ACADEMICA,FACULTAD DE ARTES,SECRETARIA DE FACULTAD,LIBRO EMPASTADO,ARCHIVO HISTORICO,,,CONSERVACION TOTAL,,,PENDIENTE,MAESTDPVRACFACARSFA2016
,VRAC-FAC-AR-SFA,BOG,,CALIFICACIONES,,,,NOTAS DE CARRERA DE ESTUDIOS MUSICALES PRIMER PERIODO,CERRADO,2001,ARCHIVO HISTORICO,5,,,2001,2001,,,DC,,,RO,20,B,4,1,6,16,,,B20-LB-ES4-EN1-CJ6-CP16,FACULTAD DE ARTES,LISTA DE CALIFICACIONES DEFINITIVAS,15,PONTIFICIA UNIVERSIDAD JAVERIANA,VICERRECTORIA ACADEMICA,FACULTAD DE ARTES,SECRETARIA DE FACULTAD,LIBRO EMPASTADO,ARCHIVO HISTORICO,,,CONSERVACION TOTAL,,,PENDIENTE,MAESTDPVRACFACARSFA2016
,VRAC-FAC-AR-SFA,BOG,,CALIFICACIONES,,,,NOTAS DE CARRERA DE ESTUDIOS MUSICALES SEGUNDO PERIODO,CERRADO,2001,ARCHIVO HISTORICO,6,,,2001,2001,,,DC,,,RO,20,B,4,1,6,17,,,B20-LB-ES4-EN1-CJ6-CP17,FACULTAD DE ARTES,LISTA DE CALIFICACIONES DEFINITIVAS,16,PONTIFICIA UNIVERSIDAD JAVERIANA,VICERRECTORIA ACADEMICA,FACULTAD DE ARTES,SECRETARIA DE FACULTAD,LIBRO EMPASTADO,ARCHIVO HISTORICO,,,CONSERVACION TOTAL,,,PENDIENTE,MAESTDPVRACFACARSFA2016
,VRAC-FAC-AR-SFA,BOG,,CALIFICACIONES,,,,NOTAS DE CARRERA DE ARTES VISUALES PRIMER PERIODO,CERRADO,2001,ARCHIVO HISTORICO,2,,,2001,2001,,,DC,,,RO,20,B,4,5,18,58,,,B20-LB-ES4-EN5-CJ18-CP58,FACULTAD DE ARTES,LISTA DE CALIFICACIONES DEFINITIVAS,57,PONTIFICIA UNIVERSIDAD JAVERIANA,VICERRECTORIA ACADEMICA,FACULTAD DE ARTES,SECRETARIA DE FACULTAD,LIBRO EMPASTADO,ARCHIVO HISTORICO,,,CONSERVACION TOTAL,,,PENDIENTE,MAESTDPVRACFACARSFA2016
,VRAC-FAC-AR-SFA,BOG,,CALIFICACIONES,,,,NOTAS DE CARRERA DE ARTES VISUALES SEGUNDO PERIODO,CERRADO,2001,ARCHIVO HISTORICO,3,,,2001,2001,,,DC,,,RO,20,B,4,5,18,59,,,B20-LB-ES4-EN5-CJ18-CP59,FACULTAD DE ARTES,LISTA DE CALIFICACIONES DEFINITIVAS,58,PONTIFICIA UNIVERSIDAD JAVERIANA,VICERRECTORIA ACADEMICA,FACULTAD DE ARTES,SECRETARIA DE FACULTAD,LIBRO EMPASTADO,ARCHIVO HISTORICO,,,CONSERVACION TOTAL,,,PENDIENTE,MAESTDPVRACFACARSFA2016
,VRAC-FAC-AR-SFA,BOG,,CALIFICACIONES,,,,SERVICIOS INTERFACULTADES,CERRADO,2001,ARCHIVO HISTORICO,14,,,2001,2001,,,DC,,,RO,20,B,5,1,28,103,,,B20-LB-ES5-EN1-CJ28-CP103,FACULTAD DE ARTES,LISTA DE CALIFICACIONES DEFINITIVAS,112,PONTIFICIA UNIVERSIDAD JAVERIANA,VICERRECTORIA ACADEMICA,FACULTAD DE ARTES,SECRETARIA DE FACULTAD,LIBRO EMPASTADO,ARCHIVO HISTORICO,,,CONSERVACION TOTAL,,,PENDIENTE,MAESTDPVRACFACARSFA2016
,VRAC-FAC-AR-SFA,BOG,,CALIFICACIONES,,,,NOTAS DE CARRERA DE ESTUDIOS MUSICALES PRIMER PERIODO,CERRADO,2002,ARCHIVO HISTORICO,6,,,2002,2002,,,DC,,,RO,20,B,4,1,6,18,,,B20-LB-ES4-EN1-CJ6-CP18,FACULTAD DE ARTES,LISTA DE CALIFICACIONES DEFINITIVAS,17,PONTIFICIA UNIVERSIDAD JAVERIANA,VICERRECTORIA ACADEMICA,FACULTAD DE ARTES,SECRETARIA DE FACULTAD,LIBRO EMPASTADO,ARCHIVO HISTORICO,,,CONSERVACION TOTAL,,,PENDIENTE,MAESTDPVRACFACARSFA2016
,VRAC-FAC-AR-SFA,BOG,,CALIFICACIONES,,,,NOTAS DE CARRERA DE ESTUDIOS MUSICALES SEGUNDO PERIODO,CERRADO,2002,ARCHIVO HISTORICO,7,,,2002,2002,,,DC,,,RO,20,B,4,1,7,19,,,B20-LB-ES4-EN1-CJ7-CP19,FACULTAD DE ARTES,LISTA DE CALIFICACIONES DEFINITIVAS,18,PONTIFICIA UNIVERSIDAD JAVERIANA,VICERRECTORIA ACADEMICA,FACULTAD DE ARTES,SECRETARIA DE FACULTAD,LIBRO EMPASTADO,ARCHIVO HISTORICO,,,CONSERVACION TOTAL,,,PENDIENTE,MAESTDPVRACFACARSFA2016
,VRAC-FAC-AR-SFA,BOG,,CALIFICACIONES,,,,NOTAS DE CARRERA DE ARTES VISUALES PRIMER PERIODO,CERRADO,2002,ARCHIVO HISTORICO,3,,,2002,2002,,,DC,,,RO,20,B,4,5,18,60,,,B20-LB-ES4-EN5-CJ18-CP60,FACULTAD DE ARTES,LISTA DE CALIFICACIONES DEFINITIVAS,59,PONTIFICIA UNIVERSIDAD JAVERIANA,VICERRECTORIA ACADEMICA,FACULTAD DE ARTES,SECRETARIA DE FACULTAD,LIBRO EMPASTADO,ARCHIVO HISTORICO,,,CONSERVACION TOTAL,,,PENDIENTE,MAESTDPVRACFACARSFA2016
,VRAC-FAC-AR-SFA,BOG,,CALIFICACIONES,,,,NOTAS DE CARRERA DE ARTES VISUALES SEGUNDO PERIODO,CERRADO,2002,ARCHIVO HISTORICO,4,,,2002,2002,,,DC,,,RO,20,B,4,5,19,61,,,B20-LB-ES4-EN5-CJ19-CP61,FACULTAD DE ARTES,LISTA DE CALIFICACIONES DEFINITIVAS,60,PONTIFICIA UNIVERSIDAD JAVERIANA,VICERRECTORIA ACADEMICA,FACULTAD DE ARTES,SECRETARIA DE FACULTAD,LIBRO EMPASTADO,ARCHIVO HISTORICO,,,CONSERVACION TOTAL,,,PENDIENTE,MAESTDPVRACFACARSFA2016
,VRAC-FAC-AR-SFA,BOG,,CALIFICACIONES,,,,NOTAS PROGRAMA INFANTIL Y JUVENIL,CERRADO,2002,ARCHIVO HISTORICO,6,,,2002,2002,,,DC,,,RO,,,,,,,,,,FACULTAD DE ARTES,LISTA DE CALIFICACIONES DEFINITIVAS,94,PONTIFICIA UNIVERSIDAD JAVERIANA,VICERRECTORIA ACADEMICA,FACULTAD DE ARTES,SECRETARIA DE FACULTAD,LIBRO EMPASTADO,ARCHIVO HISTORICO,REACTIVADA EL 10/11/2016 POR LA FACULTAD,,CONSERVACION TOTAL,,,PENDIENTE,MAESTDPVRACFACARSFA2016
,VRAC-FAC-AR-SFA,BOG,,CALIFICACIONES,,,,SERVICIOS INTERFACULTADES,CERRADO,2002,ARCHIVO HISTORICO,15,,,2002,2002,,,DC,,,RO,20,B,5,1,28,104,,,B20-LB-ES5-EN1-CJ28-CP104,FACULTAD DE ARTES,LISTA DE CALIFICACIONES DEFINITIVAS,113,PONTIFICIA UNIVERSIDAD JAVERIANA,VICERRECTORIA ACADEMICA,FACULTAD DE ARTES,SECRETARIA DE FACULTAD,LIBRO EMPASTADO,ARCHIVO HISTORICO,,,CONSERVACION TOTAL,,,PENDIENTE,MAESTDPVRACFACARSFA2016
,VRAC-FAC-AR-SFA,BOG,,CALIFICACIONES,,,,SERVICIOS INTERFACULTADES,CERRADO,2002,ARCHIVO HISTORICO,16,,,2002,2002,,,DC,,,RO,20,B,5,1,28,105,,,B20-LB-ES5-EN1-CJ28-CP105,FACULTAD DE ARTES,LISTA DE CALIFICACIONES DEFINITIVAS,114,PONTIFICIA UNIVERSIDAD JAVERIANA,VICERRECTORIA ACADEMICA,FACULTAD DE ARTES,SECRETARIA DE FACULTAD,LIBRO EMPASTADO,ARCHIVO HISTORICO,,,CONSERVACION TOTAL,,,PENDIENTE,MAESTDPVRACFACARSFA2016
,VRAC-FAC-AR-SFA,BOG,,CALIFICACIONES,,,,NOTAS DE CARRERA DE ESTUDIOS MUSICALES PRIMER PERIODO,CERRADO,2003,ARCHIVO HISTORICO,7,,,2003,2003,,,DC,,,RO,20,B,4,1,7,20,,,B20-LB-ES4-EN1-CJ7-CP20,FACULTAD DE ARTES,LISTA DE CALIFICACIONES DEFINITIVAS,19,PONTIFICIA UNIVERSIDAD JAVERIANA,VICERRECTORIA ACADEMICA,FACULTAD DE ARTES,SECRETARIA DE FACULTAD,LIBRO EMPASTADO,ARCHIVO HISTORICO,,,CONSERVACION TOTAL,,,PENDIENTE,MAESTDPVRACFACARSFA2016
,VRAC-FAC-AR-SFA,BOG,,CALIFICACIONES,,,,NOTAS DE CARRERA DE ESTUDIOS MUSICALES SEGUNDO PERIODO,CERRADO,2003,ARCHIVO HISTORICO,8,,,2003,2003,,,DC,,,RO,20,B,4,2,8,21,,,B20-LB-ES4-EN2-CJ8-CP21,FACULTAD DE ARTES,LISTA DE CALIFICACIONES DEFINITIVAS,20,PONTIFICIA UNIVERSIDAD JAVERIANA,VICERRECTORIA ACADEMICA,FACULTAD DE ARTES,SECRETARIA DE FACULTAD,LIBRO EMPASTADO,ARCHIVO HISTORICO,,,CONSERVACION TOTAL,,,PENDIENTE,MAESTDPVRACFACARSFA2016
,VRAC-FAC-AR-SFA,BOG,,CALIFICACIONES,,,,NOTAS DE CARRERA DE ARTES VISUALES SEGUNDO PERIODO,CERRADO,2003,ARCHIVO HISTORICO,5,,,2003,2003,,,DC,,,RO,20,B,4,5,19,62,,,B20-LB-ES4-EN5-CJ19-CP62,FACULTAD DE ARTES,LISTA DE CALIFICACIONES DEFINITIVAS,61,PONTIFICIA UNIVERSIDAD JAVERIANA,VICERRECTORIA ACADEMICA,FACULTAD DE ARTES,SECRETARIA DE FACULTAD,LIBRO EMPASTADO,ARCHIVO HISTORICO,,,CONSERVACION TOTAL,,,PENDIENTE,MAESTDPVRACFACARSFA2016
,VRAC-FAC-AR-SFA,BOG,,CALIFICACIONES,,,,NOTAS DE CARRERA DE ARTES VISUALES SEGUNDO PERIODO,CERRADO,2003,ARCHIVO HISTORICO,6,,,2003,2003,,,DC,,,RO,20,B,4,5,19,63,,,B20-LB-ES4-EN5-CJ19-CP63,FACULTAD DE ARTES,LISTA DE CALIFICACIONES DEFINITIVAS,62,PONTIFICIA UNIVERSIDAD JAVERIANA,VICERRECTORIA ACADEMICA,FACULTAD DE ARTES,SECRETARIA DE FACULTAD,LIBRO EMPASTADO,ARCHIVO HISTORICO,,,CONSERVACION TOTAL,,,PENDIENTE,MAESTDPVRACFACARSFA2016
,VRAC-FAC-AR-SFA,BOG,,CALIFICACIONES,,,,SERVICIOS INTERFACULTADES,CERRADO,2003,ARCHIVO HISTORICO,17,,,2003,2003,,,DC,,,RO,20,B,5,1,28,106,,,B20-LB-ES5-EN1-CJ28-CP106,FACULTAD DE ARTES,LISTA DE CALIFICACIONES DEFINITIVAS,115,PONTIFICIA UNIVERSIDAD JAVERIANA,VICERRECTORIA ACADEMICA,FACULTAD DE ARTES,SECRETARIA DE FACULTAD,LIBRO EMPASTADO,ARCHIVO HISTORICO,,,CONSERVACION TOTAL,,,PENDIENTE,MAESTDPVRACFACARSFA2016
,VRAC-FAC-AR-SFA,BOG,,CALIFICACIONES,,,,NOTAS DE CARRERA DE ESTUDIOS MUSICALES PRIMER PERIODO A-L,CERRADO,2004,ARCHIVO HISTORICO,1,,,2004,2004,,,DC,,,RO,20,B,4,2,8,22,,,B20-LB-ES4-EN2-CJ8-CP22,FACULTAD DE ARTES,LISTA DE CALIFICACIONES DEFINITIVAS,21,PONTIFICIA UNIVERSIDAD JAVERIANA,VICERRECTORIA ACADEMICA,FACULTAD DE ARTES,SECRETARIA DE FACULTAD,LIBRO EMPASTADO,ARCHIVO HISTORICO,,,CONSERVACION TOTAL,,,PENDIENTE,MAESTDPVRACFACARSFA2016
,VRAC-FAC-AR-SFA,BOG,,CALIFICACIONES,,,,NOTAS DE CARRERA DE ESTUDIOS MUSICALES PRIMER PERIODO M-Z,CERRADO,2004,ARCHIVO HISTORICO,1,,,2004,2004,,,DC,,,RO,20,B,4,2,8,23,,,B20-LB-ES4-EN2-CJ8-CP23,FACULTAD DE ARTES,LISTA DE CALIFICACIONES DEFINITIVAS,22,PONTIFICIA UNIVERSIDAD JAVERIANA,VICERRECTORIA ACADEMICA,FACULTAD DE ARTES,SECRETARIA DE FACULTAD,LIBRO EMPASTADO,ARCHIVO HISTORICO,,,CONSERVACION TOTAL,,,PENDIENTE,MAESTDPVRACFACARSFA2016
,VRAC-FAC-AR-SFA,BOG,,CALIFICACIONES,,,,NOTAS DE CARRERA DE ESTUDIOS MUSICALES SEGUNDO PERIODO A-L,CERRADO,2004,ARCHIVO HISTORICO,1,,,2004,2004,,,DC,,,RO,20,B,4,2,9,24,,,B20-LB-ES4-EN2-CJ9-CP24,FACULTAD DE ARTES,LISTA DE CALIFICACIONES DEFINITIVAS,23,PONTIFICIA UNIVERSIDAD JAVERIANA,VICERRECTORIA ACADEMICA,FACULTAD DE ARTES,SECRETARIA DE FACULTAD,LIBRO EMPASTADO,ARCHIVO HISTORICO,,,CONSERVACION TOTAL,,,PENDIENTE,MAESTDPVRACFACARSFA2016
,VRAC-FAC-AR-SFA,BOG,,CALIFICACIONES,,,,NOTAS DE CARRERA DE ESTUDIOS MUSICALES SEGUNDO PERIODO M-Z,CERRADO,2004,ARCHIVO HISTORICO,1,,,2004,2004,,,DC,,,RO,20,B,4,2,9,25,,,B20-LB-ES4-EN2-CJ9-CP25,FACULTAD DE ARTES,LISTA DE CALIFICACIONES DEFINITIVAS,24,PONTIFICIA UNIVERSIDAD JAVERIANA,VICERRECTORIA ACADEMICA,FACULTAD DE ARTES,SECRETARIA DE FACULTAD,LIBRO EMPASTADO,ARCHIVO HISTORICO,,,CONSERVACION TOTAL,,,PENDIENTE,MAESTDPVRACFACARSFA2016
,VRAC-FAC-AR-SFA,BOG,,CALIFICACIONES,,,,NOTAS DE CARRERA DE ARTES VISUALES PRIMER PERIODO,CERRADO,2004,ARCHIVO HISTORICO,4,,,2004,2004,,,DC,,,RO,20,B,4,5,19,64,,,B20-LB-ES4-EN5-CJ19-CP64,FACULTAD DE ARTES,LISTA DE CALIFICACIONES DEFINITIVAS,63,PONTIFICIA UNIVERSIDAD JAVERIANA,VICERRECTORIA ACADEMICA,FACULTAD DE ARTES,SECRETARIA DE FACULTAD,LIBRO EMPASTADO,ARCHIVO HISTORICO,,,CONSERVACION TOTAL,,,PENDIENTE,MAESTDPVRACFACARSFA2016
,VRAC-FAC-AR-SFA,BOG,,CALIFICACIONES,,,,NOTAS DE CARRERA DE ARTES VISUALES PRIMER PERIODO,CERRADO,2004,ARCHIVO HISTORICO,5,,,2004,2004,,,DC,,,RO,20,B,4,6,20,65,,,B20-LB-ES4-EN6-CJ20-CP65,FACULTAD DE ARTES,LISTA DE CALIFICACIONES DEFINITIVAS,64,PONTIFICIA UNIVERSIDAD JAVERIANA,VICERRECTORIA ACADEMICA,FACULTAD DE ARTES,SECRETARIA DE FACULTAD,LIBRO EMPASTADO,ARCHIVO HISTORICO,,,CONSERVACION TOTAL,,,PENDIENTE,MAESTDPVRACFACARSFA2016
,VRAC-FAC-AR-SFA,BOG,,CALIFICACIONES,,,,SERVICIOS INTERFACULTADES,CERRADO,2004,ARCHIVO HISTORICO,18,,,2004,2004,,,DC,,,RO,20,B,5,2,29,107,,,B20-LB-ES5-EN2-CJ29-CP107,FACULTAD DE ARTES,LISTA DE CALIFICACIONES DEFINITIVAS,116,PONTIFICIA UNIVERSIDAD JAVERIANA,VICERRECTORIA ACADEMICA,FACULTAD DE ARTES,SECRETARIA DE FACULTAD,LIBRO EMPASTADO,ARCHIVO HISTORICO,,,CONSERVACION TOTAL,,,PENDIENTE,MAESTDPVRACFACARSFA2016
,VRAC-FAC-AR-SFA,BOG,,CALIFICACIONES,,,,SERVICIOS INTERFACULTADES,CERRADO,2004,ARCHIVO HISTORICO,19,,,2004,2004,,,DC,,,RO,20,B,5,2,29,108,,,B20-LB-ES5-EN2-CJ29-CP108,FACULTAD DE ARTES,LISTA DE CALIFICACIONES DEFINITIVAS,117,PONTIFICIA UNIVERSIDAD JAVERIANA,VICERRECTORIA ACADEMICA,FACULTAD DE ARTES,SECRETARIA DE FACULTAD,LIBRO EMPASTADO,ARCHIVO HISTORICO,,,CONSERVACION TOTAL,,,PENDIENTE,MAESTDPVRACFACARSFA2016
,VRAC-FAC-AR-SFA,BOG,,CALIFICACIONES,,,,NOTAS DE CARRERA DE ESTUDIOS MUSICALES PRIMER PERIODO A-M,CERRADO,2005,ARCHIVO HISTORICO,1,,,2005,2005,,,DC,,,RO,20,B,4,2,9,26,,,B20-LB-ES4-EN2-CJ9-CP26,FACULTAD DE ARTES,LISTA DE CALIFICACIONES DEFINITIVAS,25,PONTIFICIA UNIVERSIDAD JAVERIANA,VICERRECTORIA ACADEMICA,FACULTAD DE ARTES,SECRETARIA DE FACULTAD,LIBRO EMPASTADO,ARCHIVO HISTORICO,,,CONSERVACION TOTAL,,,PENDIENTE,MAESTDPVRACFACARSFA2016
,VRAC-FAC-AR-SFA,BOG,,CALIFICACIONES,,,,NOTAS DE CARRERA DE ESTUDIOS MUSICALES PRIMER PERIODO O-Z,CERRADO,2005,ARCHIVO HISTORICO,1,,,2005,2005,,,DC,,,RO,20,B,4,2,9,27,,,B20-LB-ES4-EN2-CJ9-CP27,FACULTAD DE ARTES,LISTA DE CALIFICACIONES DEFINITIVAS,26,PONTIFICIA UNIVERSIDAD JAVERIANA,VICERRECTORIA ACADEMICA,FACULTAD DE ARTES,SECRETARIA DE FACULTAD,LIBRO EMPASTADO,ARCHIVO HISTORICO,,,CONSERVACION TOTAL,,,PENDIENTE,MAESTDPVRACFACARSFA2016
,VRAC-FAC-AR-SFA,BOG,,CALIFICACIONES,,,,NOTAS DE CARRERA DE ESTUDIOS MUSICALES  SEGUNDO PERIODO A-L,CERRADO,2005,ARCHIVO HISTORICO,1,,,2005,2005,,,DC,,,RO,20,B,4,2,10,28,,,B20-LB-ES4-EN2-CJ10-CP28,FACULTAD DE ARTES,LISTA DE CALIFICACIONES DEFINITIVAS,27,PONTIFICIA UNIVERSIDAD JAVERIANA,VICERRECTORIA ACADEMICA,FACULTAD DE ARTES,SECRETARIA DE FACULTAD,LIBRO EMPASTADO,ARCHIVO HISTORICO,,,CONSERVACION TOTAL,,,PENDIENTE,MAESTDPVRACFACARSFA2016
,VRAC-FAC-AR-SFA,BOG,,CALIFICACIONES,,,,NOTAS DE CARRERA DE ESTUDIOS MUSICALES SEGUNDO PERIODO M-Z,CERRADO,2005,ARCHIVO HISTORICO,2,,,2005,2005,,,DC,,,RO,20,B,4,2,10,29,,,B20-LB-ES4-EN2-CJ10-CP29,FACULTAD DE ARTES,LISTA DE CALIFICACIONES DEFINITIVAS,28,PONTIFICIA UNIVERSIDAD JAVERIANA,VICERRECTORIA ACADEMICA,FACULTAD DE ARTES,SECRETARIA DE FACULTAD,LIBRO EMPASTADO,ARCHIVO HISTORICO,,,CONSERVACION TOTAL,,,PENDIENTE,MAESTDPVRACFACARSFA2016
,VRAC-FAC-AR-SFA,BOG,,CALIFICACIONES,,,,NOTAS DE CARRERA DE ARTES VISUALES PRIMER PERIODO,CERRADO,2005,ARCHIVO HISTORICO,6,,,2005,2005,,,DC,,,RO,20,B,4,6,20,66,,,B20-LB-ES4-EN6-CJ20-CP66,FACULTAD DE ARTES,LISTA DE CALIFICACIONES DEFINITIVAS,65,PONTIFICIA UNIVERSIDAD JAVERIANA,VICERRECTORIA ACADEMICA,FACULTAD DE ARTES,SECRETARIA DE FACULTAD,LIBRO EMPASTADO,ARCHIVO HISTORICO,,,CONSERVACION TOTAL,,,PENDIENTE,MAESTDPVRACFACARSFA2016
,VRAC-FAC-AR-SFA,BOG,,CALIFICACIONES,,,,NOTAS DE CARRERA DE ARTES VISUALES SEGUNDO PERIODO,CERRADO,2005,ARCHIVO HISTORICO,7,,,2005,2005,,,DC,,,RO,20,B,4,6,20,67,,,B20-LB-ES4-EN6-CJ20-CP67,FACULTAD DE ARTES,LISTA DE CALIFICACIONES DEFINITIVAS,66,PONTIFICIA UNIVERSIDAD JAVERIANA,VICERRECTORIA ACADEMICA,FACULTAD DE ARTES,SECRETARIA DE FACULTAD,LIBRO EMPASTADO,ARCHIVO HISTORICO,,,CONSERVACION TOTAL,,,PENDIENTE,MAESTDPVRACFACARSFA2016
,VRAC-FAC-AR-SFA,BOG,,CALIFICACIONES,,,,NOTAS PROGRAMA INFANTIL Y JUVENIL,CERRADO,2005,ARCHIVO HISTORICO,7,,,2003,2005,,,DC,,,RO,,,,,,,,,,FACULTAD DE ARTES,LISTA DE CALIFICACIONES DEFINITIVAS,95,PONTIFICIA UNIVERSIDAD JAVERIANA,VICERRECTORIA ACADEMICA,FACULTAD DE ARTES,SECRETARIA DE FACULTAD,LIBRO EMPASTADO,ARCHIVO HISTORICO,REACTIVADA EL 10/11/2016 POR LA FACULTAD,,CONSERVACION TOTAL,,,PENDIENTE,MAESTDPVRACFACARSFA2016
,VRAC-FAC-AR-SFA,BOG,,CALIFICACIONES,,,,SERVICIOS INTERFACULTADES,CERRADO,2005,ARCHIVO HISTORICO,20,,,2005,2005,,,DC,,,RO,20,B,5,2,29,109,,,B20-LB-ES5-EN2-CJ29-CP109,FACULTAD DE ARTES,LISTA DE CALIFICACIONES DEFINITIVAS,118,PONTIFICIA UNIVERSIDAD JAVERIANA,VICERRECTORIA ACADEMICA,FACULTAD DE ARTES,SECRETARIA DE FACULTAD,LIBRO EMPASTADO,ARCHIVO HISTORICO,,,CONSERVACION TOTAL,,,PENDIENTE,MAESTDPVRACFACARSFA2016
,VRAC-FAC-AR-SFA,BOG,,CALIFICACIONES,,,,SERVICIOS INTERFACULTADES,CERRADO,2005,ARCHIVO HISTORICO,21,,,2005,2005,,,DC,,,RO,20,B,5,2,29,110,,,B20-LB-ES5-EN2-CJ29-CP110,FACULTAD DE ARTES,LISTA DE CALIFICACIONES DEFINITIVAS,119,PONTIFICIA UNIVERSIDAD JAVERIANA,VICERRECTORIA ACADEMICA,FACULTAD DE ARTES,SECRETARIA DE FACULTAD,LIBRO EMPASTADO,ARCHIVO HISTORICO,,,CONSERVACION TOTAL,,,PENDIENTE,MAESTDPVRACFACARSFA2016
,VRAC-FAC-AR-SFA,BOG,,CALIFICACIONES,,,,NOTAS DE CARRERA DE ESTUDIOS MUSICALES PRIMER PERIODO A-J,CERRADO,2006,ARCHIVO HISTORICO,1,,,2006,2006,,,DC,,,RO,20,B,4,2,10,30,,,B20-LB-ES4-EN2-CJ10-CP30,FACULTAD DE ARTES,LISTA DE CALIFICACIONES DEFINITIVAS,29,PONTIFICIA UNIVERSIDAD JAVERIANA,VICERRECTORIA ACADEMICA,FACULTAD DE ARTES,SECRETARIA DE FACULTAD,LIBRO EMPASTADO,ARCHIVO HISTORICO,,,CONSERVACION TOTAL,,,PENDIENTE,MAESTDPVRACFACARSFA2016
,VRAC-FAC-AR-SFA,BOG,,CALIFICACIONES,,,,NOTAS DE CARRERA DE ESTUDIOS MUSICALES PRIMER PERIODO L-Z,CERRADO,2006,ARCHIVO HISTORICO,1,,,2006,2006,,,DC,,,RO,20,B,4,3,11,31,,,B20-LB-ES4-EN3-CJ11-CP31,FACULTAD DE ARTES,LISTA DE CALIFICACIONES DEFINITIVAS,30,PONTIFICIA UNIVERSIDAD JAVERIANA,VICERRECTORIA ACADEMICA,FACULTAD DE ARTES,SECRETARIA DE FACULTAD,LIBRO EMPASTADO,ARCHIVO HISTORICO,,,CONSERVACION TOTAL,,,PENDIENTE,MAESTDPVRACFACARSFA2016
,VRAC-FAC-AR-SFA,BOG,,CALIFICACIONES,,,,NOTAS DE CARRERA DE ESTUDIOS MUSICALES SEGUNDO PERIODO A-L,CERRADO,2006,ARCHIVO HISTORICO,2,,,2006,2006,,,DC,,,RO,20,B,4,3,11,32,,,B20-LB-ES4-EN3-CJ11-CP32,FACULTAD DE ARTES,LISTA DE CALIFICACIONES DEFINITIVAS,31,PONTIFICIA UNIVERSIDAD JAVERIANA,VICERRECTORIA ACADEMICA,FACULTAD DE ARTES,SECRETARIA DE FACULTAD,LIBRO EMPASTADO,ARCHIVO HISTORICO,,,CONSERVACION TOTAL,,,PENDIENTE,MAESTDPVRACFACARSFA2016
,VRAC-FAC-AR-SFA,BOG,,CALIFICACIONES,,,,NOTAS DE CARRERA DE ESTUDIOS MUSICALES SEGUNDO PERIODO M-Z,CERRADO,2006,ARCHIVO HISTORICO,3,,,2006,2006,,,DC,,,RO,20,B,4,3,11,33,,,B20-LB-ES4-EN3-CJ11-CP33,FACULTAD DE ARTES,LISTA DE CALIFICACIONES DEFINITIVAS,32,PONTIFICIA UNIVERSIDAD JAVERIANA,VICERRECTORIA ACADEMICA,FACULTAD DE ARTES,SECRETARIA DE FACULTAD,LIBRO EMPASTADO,ARCHIVO HISTORICO,,,CONSERVACION TOTAL,,,PENDIENTE,MAESTDPVRACFACARSFA2016
,VRAC-FAC-AR-SFA,BOG,,CALIFICACIONES,,,,NOTAS DE CARRERA DE ARTES VISUALES PRIMER PERIODO A-Z,CERRADO,2006,ARCHIVO HISTORICO,1,,,2006,2006,,,DC,,,RO,20,B,4,6,21,68,,,B20-LB-ES4-EN6-CJ21-CP68,FACULTAD DE ARTES,LISTA DE CALIFICACIONES DEFINITIVAS,67,PONTIFICIA UNIVERSIDAD JAVERIANA,VICERRECTORIA ACADEMICA,FACULTAD DE ARTES,SECRETARIA DE FACULTAD,LIBRO EMPASTADO,ARCHIVO HISTORICO,,,CONSERVACION TOTAL,,,PENDIENTE,MAESTDPVRACFACARSFA2016
,VRAC-FAC-AR-SFA,BOG,,CALIFICACIONES,,,,NOTAS DE CARRERA DE ARTES VISUALES SEGUNDO PERIODO A-Z,CERRADO,2006,ARCHIVO HISTORICO,1,,,2006,2006,,,DC,,,RO,20,B,4,6,21,69,,,B20-LB-ES4-EN6-CJ21-CP69,FACULTAD DE ARTES,LISTA DE CALIFICACIONES DEFINITIVAS,68,PONTIFICIA UNIVERSIDAD JAVERIANA,VICERRECTORIA ACADEMICA,FACULTAD DE ARTES,SECRETARIA DE FACULTAD,LIBRO EMPASTADO,ARCHIVO HISTORICO,,,CONSERVACION TOTAL,,,PENDIENTE,MAESTDPVRACFACARSFA2016
,VRAC-FAC-AR-SFA,BOG,,CALIFICACIONES,,,,SERVICIOS INTERFACULTADES,CERRADO,2006,ARCHIVO HISTORICO,22,,,2006,2006,,,DC,,,RO,20,B,5,2,30,111,,,B20-LB-ES5-EN2-CJ30-CP111,FACULTAD DE ARTES,LISTA DE CALIFICACIONES DEFINITIVAS,120,PONTIFICIA UNIVERSIDAD JAVERIANA,VICERRECTORIA ACADEMICA,FACULTAD DE ARTES,SECRETARIA DE FACULTAD,LIBRO EMPASTADO,ARCHIVO HISTORICO,,,CONSERVACION TOTAL,,,PENDIENTE,MAESTDPVRACFACARSFA2016
,VRAC-FAC-AR-SFA,BOG,,CALIFICACIONES,,,,SERVICIOS INTERFACULTADES,CERRADO,2006,ARCHIVO HISTORICO,23,,,2006,2006,,,DC,,,RO,20,B,5,2,30,112,,,B20-LB-ES5-EN2-CJ30-CP112,FACULTAD DE ARTES,LISTA DE CALIFICACIONES DEFINITIVAS,121,PONTIFICIA UNIVERSIDAD JAVERIANA,VICERRECTORIA ACADEMICA,FACULTAD DE ARTES,SECRETARIA DE FACULTAD,LIBRO EMPASTADO,ARCHIVO HISTORICO,,,CONSERVACION TOTAL,,,PENDIENTE,MAESTDPVRACFACARSFA2016
,VRAC-FAC-AR-SFA,BOG,,CALIFICACIONES,,,,NOTAS DE CARRERA DE ESTUDIOS MUSICALES PRIMER PERIODO A-L,CERRADO,2007,ARCHIVO HISTORICO,2,,,2007,2007,,,DC,,,RO,20,B,4,3,12,34,,,B20-LB-ES4-EN3-CJ12-CP34,FACULTAD DE ARTES,LISTA DE CALIFICACIONES DEFINITIVAS,33,PONTIFICIA UNIVERSIDAD JAVERIANA,VICERRECTORIA ACADEMICA,FACULTAD DE ARTES,SECRETARIA DE FACULTAD,LIBRO EMPASTADO,ARCHIVO HISTORICO,,,CONSERVACION TOTAL,,,PENDIENTE,MAESTDPVRACFACARSFA2016
,VRAC-FAC-AR-SFA,BOG,,CALIFICACIONES,,,,NOTAS DE CARRERA DE ESTUDIOS MUSICALES PRIMER PERIODO M-Z,CERRADO,2007,ARCHIVO HISTORICO,2,,,2007,2007,,,DC,,,RO,20,B,4,3,12,35,,,B20-LB-ES4-EN3-CJ12-CP35,FACULTAD DE ARTES,LISTA DE CALIFICACIONES DEFINITIVAS,34,PONTIFICIA UNIVERSIDAD JAVERIANA,VICERRECTORIA ACADEMICA,FACULTAD DE ARTES,SECRETARIA DE FACULTAD,LIBRO EMPASTADO,ARCHIVO HISTORICO,,,CONSERVACION TOTAL,,,PENDIENTE,MAESTDPVRACFACARSFA2016
,VRAC-FAC-AR-SFA,BOG,,CALIFICACIONES,,,,NOTAS DE CARRERA DE ESTUDIOS MUSICALES SEGUNDO PERIODO A-L,CERRADO,2007,ARCHIVO HISTORICO,3,,,2007,2007,,,DC,,,RO,20,B,4,3,12,36,,,B20-LB-ES4-EN3-CJ12-CP36,FACULTAD DE ARTES,LISTA DE CALIFICACIONES DEFINITIVAS,35,PONTIFICIA UNIVERSIDAD JAVERIANA,VICERRECTORIA ACADEMICA,FACULTAD DE ARTES,SECRETARIA DE FACULTAD,LIBRO EMPASTADO,ARCHIVO HISTORICO,,,CONSERVACION TOTAL,,,PENDIENTE,MAESTDPVRACFACARSFA2016
,VRAC-FAC-AR-SFA,BOG,,CALIFICACIONES,,,,NOTAS DE CARRERA DE ESTUDIOS MUSICALES SEGUNDO PERIODO M-Z,CERRADO,2007,ARCHIVO HISTORICO,4,,,2007,2007,,,DC,,,RO,20,B,4,3,13,37,,,B20-LB-ES4-EN3-CJ13-CP37,FACULTAD DE ARTES,LISTA DE CALIFICACIONES DEFINITIVAS,36,PONTIFICIA UNIVERSIDAD JAVERIANA,VICERRECTORIA ACADEMICA,FACULTAD DE ARTES,SECRETARIA DE FACULTAD,LIBRO EMPASTADO,ARCHIVO HISTORICO,,,CONSERVACION TOTAL,,,PENDIENTE,MAESTDPVRACFACARSFA2016
,VRAC-FAC-AR-SFA,BOG,,CALIFICACIONES,,,,NOTAS DE CARRERA DE ARTES VISUALES PRIMER PERIODO,CERRADO,2007,ARCHIVO HISTORICO,7,,,2007,2007,,,DC,,,RO,20,B,4,6,21,70,,,B20-LB-ES4-EN6-CJ21-CP70,FACULTAD DE ARTES,LISTA DE CALIFICACIONES DEFINITIVAS,69,PONTIFICIA UNIVERSIDAD JAVERIANA,VICERRECTORIA ACADEMICA,FACULTAD DE ARTES,SECRETARIA DE FACULTAD,LIBRO EMPASTADO,ARCHIVO HISTORICO,,,CONSERVACION TOTAL,,,PENDIENTE,MAESTDPVRACFACARSFA2016
,VRAC-FAC-AR-SFA,BOG,,CALIFICACIONES,,,,NOTAS DE CARRERA DE ARTES VISUALES SEGUNDO PERIODO,CERRADO,2007,ARCHIVO HISTORICO,8,,,2007,2007,,,DC,,,RO,20,B,4,6,22,71,,,B20-LB-ES4-EN6-CJ22-CP71,FACULTAD DE ARTES,LISTA DE CALIFICACIONES DEFINITIVAS,70,PONTIFICIA UNIVERSIDAD JAVERIANA,VICERRECTORIA ACADEMICA,FACULTAD DE ARTES,SECRETARIA DE FACULTAD,LIBRO EMPASTADO,ARCHIVO HISTORICO,,,CONSERVACION TOTAL,,,PENDIENTE,MAESTDPVRACFACARSFA2016
,VRAC-FAC-AR-SFA,BOG,,CALIFICACIONES,,,,NOTAS PROGRAMA INFANTIL Y JUVENIL,CERRADO,2007,ARCHIVO HISTORICO,8,,,2006,2007,,,DC,,,RO,,,,,,,,,,FACULTAD DE ARTES,LISTA DE CALIFICACIONES DEFINITIVAS,96,PONTIFICIA UNIVERSIDAD JAVERIANA,VICERRECTORIA ACADEMICA,FACULTAD DE ARTES,SECRETARIA DE FACULTAD,LIBRO EMPASTADO,ARCHIVO HISTORICO,REACTIVADA EL 10/11/2016 POR LA FACULTAD,,CONSERVACION TOTAL,,,PENDIENTE,MAESTDPVRACFACARSFA2016
,VRAC-FAC-AR-SFA,BOG,,CALIFICACIONES,,,,SERVICIOS INTERFACULTADES,CERRADO,2007,ARCHIVO HISTORICO,24,,,2007,2007,,,DC,,,RO,20,B,5,2,30,113,,,B20-LB-ES5-EN2-CJ30-CP113,FACULTAD DE ARTES,LISTA DE CALIFICACIONES DEFINITIVAS,122,PONTIFICIA UNIVERSIDAD JAVERIANA,VICERRECTORIA ACADEMICA,FACULTAD DE ARTES,SECRETARIA DE FACULTAD,LIBRO EMPASTADO,ARCHIVO HISTORICO,,,CONSERVACION TOTAL,,,PENDIENTE,MAESTDPVRACFACARSFA2016
,VRAC-FAC-AR-SFA,BOG,,CALIFICACIONES,,,,SERVICIOS INTERFACULTADES,CERRADO,2007,ARCHIVO HISTORICO,25,,,2007,2007,,,DC,,,RO,20,B,5,2,31,114,,,B20-LB-ES5-EN2-CJ31-CP114,FACULTAD DE ARTES,LISTA DE CALIFICACIONES DEFINITIVAS,123,PONTIFICIA UNIVERSIDAD JAVERIANA,VICERRECTORIA ACADEMICA,FACULTAD DE ARTES,SECRETARIA DE FACULTAD,LIBRO EMPASTADO,ARCHIVO HISTORICO,,,CONSERVACION TOTAL,,,PENDIENTE,MAESTDPVRACFACARSFA2016
,VRAC-FAC-AR-SFA,BOG,,CALIFICACIONES,,,,NOTAS DE CARRERA DE ESTUDIOS MUSICALES PRIMER PERIODO A-L,CERRADO,2008,ARCHIVO HISTORICO,3,,,2008,2008,,,DC,,,RO,20,B,4,3,13,38,,,B20-LB-ES4-EN3-CJ13-CP38,FACULTAD DE ARTES,LISTA DE CALIFICACIONES DEFINITIVAS,37,PONTIFICIA UNIVERSIDAD JAVERIANA,VICERRECTORIA ACADEMICA,FACULTAD DE ARTES,SECRETARIA DE FACULTAD,LIBRO EMPASTADO,ARCHIVO HISTORICO,,,CONSERVACION TOTAL,,,PENDIENTE,MAESTDPVRACFACARSFA2016
,VRAC-FAC-AR-SFA,BOG,,CALIFICACIONES,,,,NOTAS DE CARRERA DE ESTUDIOS MUSICALES PRIMER PERIODO M-Z,CERRADO,2008,ARCHIVO HISTORICO,3,,,2008,2008,,,DC,,,RO,20,B,4,3,13,39,,,B20-LB-ES4-EN3-CJ13-CP39,FACULTAD DE ARTES,LISTA DE CALIFICACIONES DEFINITIVAS,38,PONTIFICIA UNIVERSIDAD JAVERIANA,VICERRECTORIA ACADEMICA,FACULTAD DE ARTES,SECRETARIA DE FACULTAD,LIBRO EMPASTADO,ARCHIVO HISTORICO,,,CONSERVACION TOTAL,,,PENDIENTE,MAESTDPVRACFACARSFA2016
,VRAC-FAC-AR-SFA,BOG,,CALIFICACIONES,,,,NOTAS DE CARRERA DE ESTUDIOS MUSICALES TERCER PERIODO A-L,CERRADO,2008,ARCHIVO HISTORICO,,,,2008,2008,,,DC,,,RO,20,B,4,3,13,40,,,B20-LB-ES4-EN3-CJ13-CP40,FACULTAD DE ARTES,LISTA DE CALIFICACIONES DEFINITIVAS,39,PONTIFICIA UNIVERSIDAD JAVERIANA,VICERRECTORIA ACADEMICA,FACULTAD DE ARTES,SECRETARIA DE FACULTAD,LIBRO EMPASTADO,ARCHIVO HISTORICO,,,CONSERVACION TOTAL,,,PENDIENTE,MAESTDPVRACFACARSFA2016
,VRAC-FAC-AR-SFA,BOG,,CALIFICACIONES,,,,NOTAS DE CARRERA DE ESTUDIOS MUSICALES TERCER PERIODO M-Z,CERRADO,2008,ARCHIVO HISTORICO,,,,2008,2008,,,DC,,,RO,20,B,4,4,14,41,,,B20-LB-ES4-EN4-CJ14-CP41,FACULTAD DE ARTES,LISTA DE CALIFICACIONES DEFINITIVAS,40,PONTIFICIA UNIVERSIDAD JAVERIANA,VICERRECTORIA ACADEMICA,FACULTAD DE ARTES,SECRETARIA DE FACULTAD,LIBRO EMPASTADO,ARCHIVO HISTORICO,,,CONSERVACION TOTAL,,,PENDIENTE,MAESTDPVRACFACARSFA2016
,VRAC-FAC-AR-SFA,BOG,,CALIFICACIONES,,,,NOTAS DE CARRERA DE ARTES VISUALES PRIMER PERIODO,CERRADO,2008,ARCHIVO HISTORICO,8,,,2008,2008,,,DC,,,RO,20,B,4,6,22,72,,,B20-LB-ES4-EN6-CJ22-CP72,FACULTAD DE ARTES,LISTA DE CALIFICACIONES DEFINITIVAS,71,PONTIFICIA UNIVERSIDAD JAVERIANA,VICERRECTORIA ACADEMICA,FACULTAD DE ARTES,SECRETARIA DE FACULTAD,LIBRO EMPASTADO,ARCHIVO HISTORICO,,,CONSERVACION TOTAL,,,PENDIENTE,MAESTDPVRACFACARSFA2016
,VRAC-FAC-AR-SFA,BOG,,CALIFICACIONES,,,,NOTAS DE CARRERA DE ARTES VISUALES TERCER PERIODO,CERRADO,2008,ARCHIVO HISTORICO,1,,,2008,2008,,,DC,,,RO,20,B,4,6,22,73,,,B20-LB-ES4-EN6-CJ22-CP73,FACULTAD DE ARTES,LISTA DE CALIFICACIONES DEFINITIVAS,72,PONTIFICIA UNIVERSIDAD JAVERIANA,VICERRECTORIA ACADEMICA,FACULTAD DE ARTES,SECRETARIA DE FACULTAD,LIBRO EMPASTADO,ARCHIVO HISTORICO,,,CONSERVACION TOTAL,,,PENDIENTE,MAESTDPVRACFACARSFA2016
,VRAC-FAC-AR-SFA,BOG,,CALIFICACIONES,,,,SERVICIOS INTERFACULTADES,CERRADO,2008,ARCHIVO HISTORICO,26,,,2008,2008,,,DC,,,RO,20,B,5,2,31,115,,,B20-LB-ES5-EN2-CJ31-CP115,FACULTAD DE ARTES,LISTA DE CALIFICACIONES DEFINITIVAS,124,PONTIFICIA UNIVERSIDAD JAVERIANA,VICERRECTORIA ACADEMICA,FACULTAD DE ARTES,SECRETARIA DE FACULTAD,LIBRO EMPASTADO,ARCHIVO HISTORICO,,,CONSERVACION TOTAL,,,PENDIENTE,MAESTDPVRACFACARSFA2016
,VRAC-FAC-AR-SFA,BOG,,CALIFICACIONES,,,,SERVICIOS INTERFACULTADES,CERRADO,2008,ARCHIVO HISTORICO,27,,,2008,2008,,,DC,,,RO,20,B,5,2,31,116,,,B20-LB-ES5-EN2-CJ31-CP116,FACULTAD DE ARTES,LISTA DE CALIFICACIONES DEFINITIVAS,125,PONTIFICIA UNIVERSIDAD JAVERIANA,VICERRECTORIA ACADEMICA,FACULTAD DE ARTES,SECRETARIA DE FACULTAD,LIBRO EMPASTADO,ARCHIVO HISTORICO,,,CONSERVACION TOTAL,,,PENDIENTE,MAESTDPVRACFACARSFA2016
,VRAC-FAC-AR-SFA,BOG,,CALIFICACIONES,,,,NOTAS DE CARRERA DE ESTUDIOS MUSICALES PRIMER PERIODO A-I,CERRADO,2009,ARCHIVO HISTORICO,1,,,2009,2009,,,DC,,,RO,20,B,4,4,14,42,,,B20-LB-ES4-EN4-CJ14-CP42,FACULTAD DE ARTES,LISTA DE CALIFICACIONES DEFINITIVAS,41,PONTIFICIA UNIVERSIDAD JAVERIANA,VICERRECTORIA ACADEMICA,FACULTAD DE ARTES,SECRETARIA DE FACULTAD,LIBRO EMPASTADO,ARCHIVO HISTORICO,,,CONSERVACION TOTAL,,,PENDIENTE,MAESTDPVRACFACARSFA2016
,VRAC-FAC-AR-SFA,BOG,,CALIFICACIONES,,,,NOTAS DE CARRERA DE ESTUDIOS MUSICALES PRIMER PERIODO J-Z,CERRADO,2009,ARCHIVO HISTORICO,1,,,2009,2009,,,DC,,,RO,20,B,4,4,14,43,,,B20-LB-ES4-EN4-CJ14-CP43,FACULTAD DE ARTES,LISTA DE CALIFICACIONES DEFINITIVAS,42,PONTIFICIA UNIVERSIDAD JAVERIANA,VICERRECTORIA ACADEMICA,FACULTAD DE ARTES,SECRETARIA DE FACULTAD,LIBRO EMPASTADO,ARCHIVO HISTORICO,,,CONSERVACION TOTAL,,,PENDIENTE,MAESTDPVRACFACARSFA2016
,VRAC-FAC-AR-SFA,BOG,,CALIFICACIONES,,,,NOTAS DE CARRERA DE ESTUDIOS MUSICALES TERCER PERIODO A-J,CERRADO,2009,ARCHIVO HISTORICO,1,,,2009,2009,,,DC,,,RO,20,B,4,4,14,44,,,B20-LB-ES4-EN4-CJ14-CP44,FACULTAD DE ARTES,LISTA DE CALIFICACIONES DEFINITIVAS,43,PONTIFICIA UNIVERSIDAD JAVERIANA,VICERRECTORIA ACADEMICA,FACULTAD DE ARTES,SECRETARIA DE FACULTAD,LIBRO EMPASTADO,ARCHIVO HISTORICO,,,CONSERVACION TOTAL,,,PENDIENTE,MAESTDPVRACFACARSFA2016
,VRAC-FAC-AR-SFA,BOG,,CALIFICACIONES,,,,NOTAS DE CARRERA DE ESTUDIOS MUSICALES TERCER PERIODO L-Z,CERRADO,2009,ARCHIVO HISTORICO,,,,2009,2009,,,DC,,,RO,20,B,4,4,15,45,,,B20-LB-ES4-EN4-CJ15-CP45,FACULTAD DE ARTES,LISTA DE CALIFICACIONES DEFINITIVAS,44,PONTIFICIA UNIVERSIDAD JAVERIANA,VICERRECTORIA ACADEMICA,FACULTAD DE ARTES,SECRETARIA DE FACULTAD,LIBRO EMPASTADO,ARCHIVO HISTORICO,,,CONSERVACION TOTAL,,,PENDIENTE,MAESTDPVRACFACARSFA2016
,VRAC-FAC-AR-SFA,BOG,,CALIFICACIONES,,,,NOTAS DE CARRERA DE ARTES VISUALES PRIMER PERIODO,CERRADO,2009,ARCHIVO HISTORICO,9,,,2009,2009,,,DC,,,RO,20,B,4,7,23,74,,,B20-LB-ES4-EN7-CJ23-CP74,FACULTAD DE ARTES,LISTA DE CALIFICACIONES DEFINITIVAS,73,PONTIFICIA UNIVERSIDAD JAVERIANA,VICERRECTORIA ACADEMICA,FACULTAD DE ARTES,SECRETARIA DE FACULTAD,LIBRO EMPASTADO,ARCHIVO HISTORICO,,,CONSERVACION TOTAL,,,PENDIENTE,MAESTDPVRACFACARSFA2016
,VRAC-FAC-AR-SFA,BOG,,CALIFICACIONES,,,,NOTAS DE CARRERA DE ARTES VISUALES TERCER PERIODO,CERRADO,2009,ARCHIVO HISTORICO,2,,,2009,2009,,,DC,,,RO,20,B,4,7,23,75,,,B20-LB-ES4-EN7-CJ23-CP75,FACULTAD DE ARTES,LISTA DE CALIFICACIONES DEFINITIVAS,74,PONTIFICIA UNIVERSIDAD JAVERIANA,VICERRECTORIA ACADEMICA,FACULTAD DE ARTES,SECRETARIA DE FACULTAD,LIBRO EMPASTADO,ARCHIVO HISTORICO,,,CONSERVACION TOTAL,,,PENDIENTE,MAESTDPVRACFACARSFA2016
,VRAC-FAC-AR-SFA,BOG,,CALIFICACIONES,,,,NOTAS PROGRAMA INFANTIL Y JUVENIL,CERRADO,2009,ARCHIVO HISTORICO,9,,,2008,2009,,,DC,,,RO,,,,,,,,,,FACULTAD DE ARTES,LISTA DE CALIFICACIONES DEFINITIVAS,97,PONTIFICIA UNIVERSIDAD JAVERIANA,VICERRECTORIA ACADEMICA,FACULTAD DE ARTES,SECRETARIA DE FACULTAD,LIBRO EMPASTADO,ARCHIVO HISTORICO,REACTIVADA EL 10/11/2016 POR LA FACULTAD,,CONSERVACION TOTAL,,,PENDIENTE,MAESTDPVRACFACARSFA2016
,VRAC-FAC-AR-SFA,BOG,,CALIFICACIONES,,,,SERVICIOS INTERFACULTADES,CERRADO,2009,ARCHIVO HISTORICO,28,,,2009,2009,,,DC,,,RO,20,B,5,2,31,117,,,B20-LB-ES5-EN2-CJ31-CP117,FACULTAD DE ARTES,LISTA DE CALIFICACIONES DEFINITIVAS,126,PONTIFICIA UNIVERSIDAD JAVERIANA,VICERRECTORIA ACADEMICA,FACULTAD DE ARTES,SECRETARIA DE FACULTAD,LIBRO EMPASTADO,ARCHIVO HISTORICO,,,CONSERVACION TOTAL,,,PENDIENTE,MAESTDPVRACFACARSFA2016
,VRAC-FAC-AR-SFA,BOG,,CALIFICACIONES,,,,SERVICIOS INTERFACULTADES,CERRADO,2009,ARCHIVO HISTORICO,29,,,2009,2009,,,DC,,,RO,20,B,5,3,32,118,,,B20-LB-ES5-EN3-CJ32-CP118,FACULTAD DE ARTES,LISTA DE CALIFICACIONES DEFINITIVAS,127,PONTIFICIA UNIVERSIDAD JAVERIANA,VICERRECTORIA ACADEMICA,FACULTAD DE ARTES,SECRETARIA DE FACULTAD,LIBRO EMPASTADO,ARCHIVO HISTORICO,,,CONSERVACION TOTAL,,,PENDIENTE,MAESTDPVRACFACARSFA2016
,VRAC-FAC-AR-SFA,BOG,,CALIFICACIONES,,,,NOTAS DE CARRERA DE ESTUDIOS MUSICALES PRIMER PERIODO,CERRADO,2010,ARCHIVO HISTORICO,8,,,2010,2010,,,DC,,,RO,20,B,4,4,15,46,,,B20-LB-ES4-EN4-CJ15-CP46,FACULTAD DE ARTES,LISTA DE CALIFICACIONES DEFINITIVAS,45,PONTIFICIA UNIVERSIDAD JAVERIANA,VICERRECTORIA ACADEMICA,FACULTAD DE ARTES,SECRETARIA DE FACULTAD,LIBRO EMPASTADO,ARCHIVO HISTORICO,,,CONSERVACION TOTAL,,,PENDIENTE,MAESTDPVRACFACARSFA2016
,VRAC-FAC-AR-SFA,BOG,,CALIFICACIONES,,,,NOTAS DE CARRERA DE ESTUDIOS MUSICALES TERCER  PERIODO,CERRADO,2010,ARCHIVO HISTORICO,1,,,2010,2010,,,DC,,,RO,20,B,4,4,15,47,,,B20-LB-ES4-EN4-CJ15-CP47,FACULTAD DE ARTES,LISTA DE CALIFICACIONES DEFINITIVAS,46,PONTIFICIA UNIVERSIDAD JAVERIANA,VICERRECTORIA ACADEMICA,FACULTAD DE ARTES,SECRETARIA DE FACULTAD,LIBRO EMPASTADO,ARCHIVO HISTORICO,,,CONSERVACION TOTAL,,,PENDIENTE,MAESTDPVRACFACARSFA2016
,VRAC-FAC-AR-SFA,BOG,,CALIFICACIONES,,,,NOTAS DE CARRERA DE ARTES VISUALES PRIMER PERIODO,CERRADO,2010,ARCHIVO HISTORICO,10,,,2010,2010,,,DC,,,RO,20,B,4,7,23,76,,,B20-LB-ES4-EN7-CJ23-CP76,FACULTAD DE ARTES,LISTA DE CALIFICACIONES DEFINITIVAS,75,PONTIFICIA UNIVERSIDAD JAVERIANA,VICERRECTORIA ACADEMICA,FACULTAD DE ARTES,SECRETARIA DE FACULTAD,LIBRO EMPASTADO,ARCHIVO HISTORICO,,,CONSERVACION TOTAL,,,PENDIENTE,MAESTDPVRACFACARSFA2016
,VRAC-FAC-AR-SFA,BOG,,CALIFICACIONES,,,,NOTAS DE CARRERA DE ARTES VISUALES TERCER PERIODO,CERRADO,2010,ARCHIVO HISTORICO,3,,,2010,2010,,,DC,,,RO,20,B,4,7,23,77,,,B20-LB-ES4-EN7-CJ23-CP77,FACULTAD DE ARTES,LISTA DE CALIFICACIONES DEFINITIVAS,76,PONTIFICIA UNIVERSIDAD JAVERIANA,VICERRECTORIA ACADEMICA,FACULTAD DE ARTES,SECRETARIA DE FACULTAD,LIBRO EMPASTADO,ARCHIVO HISTORICO,,,CONSERVACION TOTAL,,,PENDIENTE,MAESTDPVRACFACARSFA2016
,VRAC-FAC-AR-SFA,BOG,,CALIFICACIONES,,,,SERVICIOS INTERFACULTADES,CERRADO,2010,ARCHIVO HISTORICO,30,,,2010,2010,,,DC,,,RO,20,B,5,3,32,119,,,B20-LB-ES5-EN3-CJ32-CP119,FACULTAD DE ARTES,LISTA DE CALIFICACIONES DEFINITIVAS,128,PONTIFICIA UNIVERSIDAD JAVERIANA,VICERRECTORIA ACADEMICA,FACULTAD DE ARTES,SECRETARIA DE FACULTAD,LIBRO EMPASTADO,ARCHIVO HISTORICO,,,CONSERVACION TOTAL,,,PENDIENTE,MAESTDPVRACFACARSFA2016
,VRAC-FAC-AR-SFA,BOG,,CALIFICACIONES,,,,SERVICIOS INTERFACULTADES,CERRADO,2010,ARCHIVO HISTORICO,31,,,2010,2010,,,DC,,,RO,20,B,5,3,32,120,,,B20-LB-ES5-EN3-CJ32-CP120,FACULTAD DE ARTES,LISTA DE CALIFICACIONES DEFINITIVAS,129,PONTIFICIA UNIVERSIDAD JAVERIANA,VICERRECTORIA ACADEMICA,FACULTAD DE ARTES,SECRETARIA DE FACULTAD,LIBRO EMPASTADO,ARCHIVO HISTORICO,,,CONSERVACION TOTAL,,,PENDIENTE,MAESTDPVRACFACARSFA2016
,VRAC-FAC-AR-SFA,BOG,,CALIFICACIONES,,,,NOTAS DE CARRERA DE ESTUDIOS MUSICALES PRIMER PERIODO A-J,CERRADO,2011,ARCHIVO HISTORICO,2,,,2011,2011,,,DC,,,RO,20,B,4,4,16,48,,,B20-LB-ES4-EN4-CJ16-CP48,FACULTAD DE ARTES,LISTA DE CALIFICACIONES DEFINITIVAS,47,PONTIFICIA UNIVERSIDAD JAVERIANA,VICERRECTORIA ACADEMICA,FACULTAD DE ARTES,SECRETARIA DE FACULTAD,LIBRO EMPASTADO,ARCHIVO HISTORICO,,,CONSERVACION TOTAL,,,PENDIENTE,MAESTDPVRACFACARSFA2016
,VRAC-FAC-AR-SFA,BOG,,CALIFICACIONES,,,,NOTAS DE CARRERA DE ESTUDIOS MUSICALES PRIMER PERIODO K-Z,CERRADO,2011,ARCHIVO HISTORICO,1,,,2011,2011,,,DC,,,RO,20,B,4,4,16,49,,,B20-LB-ES4-EN4-CJ16-CP49,FACULTAD DE ARTES,LISTA DE CALIFICACIONES DEFINITIVAS,48,PONTIFICIA UNIVERSIDAD JAVERIANA,VICERRECTORIA ACADEMICA,FACULTAD DE ARTES,SECRETARIA DE FACULTAD,LIBRO EMPASTADO,ARCHIVO HISTORICO,,,CONSERVACION TOTAL,,,PENDIENTE,MAESTDPVRACFACARSFA2016
,VRAC-FAC-AR-SFA,BOG,,CALIFICACIONES,,,,NOTAS DE CARRERA DE ESTUDIOS MUSICALES TERCER PERIODO A-J,CERRADO,2011,ARCHIVO HISTORICO,2,,,2011,2011,,,DC,,,RO,20,B,4,4,16,50,,,B20-LB-ES4-EN4-CJ16-CP50,FACULTAD DE ARTES,LISTA DE CALIFICACIONES DEFINITIVAS,49,PONTIFICIA UNIVERSIDAD JAVERIANA,VICERRECTORIA ACADEMICA,FACULTAD DE ARTES,SECRETARIA DE FACULTAD,LIBRO EMPASTADO,ARCHIVO HISTORICO,,,CONSERVACION TOTAL,,,PENDIENTE,MAESTDPVRACFACARSFA2016
,VRAC-FAC-AR-SFA,BOG,,CALIFICACIONES,,,,NOTAS DE CARRERA DE ESTUDIOS MUSICALES TERCER PERIODO K-Z,CERRADO,2011,ARCHIVO HISTORICO,,,,2011,2011,,,DC,,,RO,20,B,4,4,16,51,,,B20-LB-ES4-EN4-CJ16-CP51,FACULTAD DE ARTES,LISTA DE CALIFICACIONES DEFINITIVAS,50,PONTIFICIA UNIVERSIDAD JAVERIANA,VICERRECTORIA ACADEMICA,FACULTAD DE ARTES,SECRETARIA DE FACULTAD,LIBRO EMPASTADO,ARCHIVO HISTORICO,,,CONSERVACION TOTAL,,,PENDIENTE,MAESTDPVRACFACARSFA2016
,VRAC-FAC-AR-SFA,BOG,,CALIFICACIONES,,,,NOTAS DE CARRERA DE ARTES VISUALES PRIMER PERIODO,CERRADO,2011,ARCHIVO HISTORICO,11,,,2011,2011,,,DC,,,RO,20,B,4,7,24,78,,,B20-LB-ES4-EN7-CJ24-CP78,FACULTAD DE ARTES,LISTA DE CALIFICACIONES DEFINITIVAS,77,PONTIFICIA UNIVERSIDAD JAVERIANA,VICERRECTORIA ACADEMICA,FACULTAD DE ARTES,SECRETARIA DE FACULTAD,LIBRO EMPASTADO,ARCHIVO HISTORICO,,,CONSERVACION TOTAL,,,PENDIENTE,MAESTDPVRACFACARSFA2016
,VRAC-FAC-AR-SFA,BOG,,CALIFICACIONES,,,,NOTAS DE CARRERA DE ARTES VISUALES TERCER PERIODO,CERRADO,2011,ARCHIVO HISTORICO,4,,,2011,2011,,,DC,,,RO,20,B,4,7,24,79,,,B20-LB-ES4-EN7-CJ24-CP79,FACULTAD DE ARTES,LISTA DE CALIFICACIONES DEFINITIVAS,78,PONTIFICIA UNIVERSIDAD JAVERIANA,VICERRECTORIA ACADEMICA,FACULTAD DE ARTES,SECRETARIA DE FACULTAD,LIBRO EMPASTADO,ARCHIVO HISTORICO,,,CONSERVACION TOTAL,,,PENDIENTE,MAESTDPVRACFACARSFA2016
,VRAC-FAC-AR-SFA,BOG,,CALIFICACIONES,,,,NOTAS PROGRAMA INFANTIL Y JUVENIL,CERRADO,2011,ARCHIVO HISTORICO,10,,,2010,2011,,,DC,,,RO,,,,,,,,,,FACULTAD DE ARTES,LISTA DE CALIFICACIONES DEFINITIVAS,98,PONTIFICIA UNIVERSIDAD JAVERIANA,VICERRECTORIA ACADEMICA,FACULTAD DE ARTES,SECRETARIA DE FACULTAD,LIBRO EMPASTADO,ARCHIVO HISTORICO,REACTIVADA EL 10/11/2016 POR LA FACULTAD,,CONSERVACION TOTAL,,,PENDIENTE,MAESTDPVRACFACARSFA2016
,VRAC-FAC-AR-SFA,BOG,,CALIFICACIONES,,,,SERVICIOS INTERFACULTADES,CERRADO,2011,ARCHIVO HISTORICO,32,,,2011,2011,,,DC,,,RO,20,B,5,3,32,121,,,B20-LB-ES5-EN3-CJ32-CP121,FACULTAD DE ARTES,LISTA DE CALIFICACIONES DEFINITIVAS,130,PONTIFICIA UNIVERSIDAD JAVERIANA,VICERRECTORIA ACADEMICA,FACULTAD DE ARTES,SECRETARIA DE FACULTAD,LIBRO EMPASTADO,ARCHIVO HISTORICO,,,CONSERVACION TOTAL,,,PENDIENTE,MAESTDPVRACFACARSFA2016
,VRAC-FAC-AR-SFA,BOG,,CALIFICACIONES,,,,SERVICIOS INTERFACULTADES,CERRADO,2011,ARCHIVO HISTORICO,33,,,2011,2011,,,DC,,,RO,20,B,5,3,32,122,,,B20-LB-ES5-EN3-CJ32-CP122,FACULTAD DE ARTES,LISTA DE CALIFICACIONES DEFINITIVAS,131,PONTIFICIA UNIVERSIDAD JAVERIANA,VICERRECTORIA ACADEMICA,FACULTAD DE ARTES,SECRETARIA DE FACULTAD,LIBRO EMPASTADO,ARCHIVO HISTORICO,,,CONSERVACION TOTAL,,,PENDIENTE,MAESTDPVRACFACARSFA2016
,VRAC-FAC-AR-SFA,BOG,,CALIFICACIONES,,,,"SERVICIOS INTERFACULTADES
NOTAS DE CARRERAS DE ESTUDIOS MUSICALES 1/3",CERRADO,2012,ARCHIVO HISTORICO,1,,,2012,2012,,,DC,,,RO,20,B,5,3,33,123,,,B20-LB-ES5-EN3-CJ33-CP123,FACULTAD DE ARTES,LISTA DE CALIFICACIONES DEFINITIVAS,132,PONTIFICIA UNIVERSIDAD JAVERIANA,VICERRECTORIA ACADEMICA,FACULTAD DE ARTES,SECRETARIA DE FACULTAD,CARPETA NORMALIZADA,ARCHIVO HISTORICO,,,CONSERVACION TOTAL,,,PENDIENTE,MAESTDPVRACFACARSFA2016
,VRAC-FAC-AR-SFA,BOG,,CALIFICACIONES,,,,"SERVICIOS INTERFACULTADES
MODIFICACION DE CALIFICACIONES DEFINITIVAS EN CARRERA DE MUSICA Y VISUALES 2/3",CERRADO,2012,ARCHIVO HISTORICO,1,,,2012,2012,,,DC,,,RO,20,B,5,3,33,124,,,B20-LB-ES5-EN3-CJ33-CP124,FACULTAD DE ARTES,LISTA DE CALIFICACIONES DEFINITIVAS,133,PONTIFICIA UNIVERSIDAD JAVERIANA,VICERRECTORIA ACADEMICA,FACULTAD DE ARTES,SECRETARIA DE FACULTAD,CARPETA NORMALIZADA,ARCHIVO HISTORICO,,,CONSERVACION TOTAL,,,PENDIENTE,MAESTDPVRACFACARSFA2016
,VRAC-FAC-AR-SFA,BOG,,CALIFICACIONES,,,,"SERVICIOS INTERFACULTADES
NOTAS DE CARRERA DE ESTUDIOS MUSICALES Y ARTES VISUALES
NOTAS ESPECIALIZACION EN CORO INFANTIL Y JUVENIL 3/3",CERRADO,2012,ARCHIVO HISTORICO,1,,,2012,2012,,,DC,,,RO,20,B,5,3,33,125,,,B20-LB-ES5-EN3-CJ33-CP125,FACULTAD DE ARTES,LISTA DE CALIFICACIONES DEFINITIVAS,134,PONTIFICIA UNIVERSIDAD JAVERIANA,VICERRECTORIA ACADEMICA,FACULTAD DE ARTES,SECRETARIA DE FACULTAD,CARPETA NORMALIZADA,ARCHIVO HISTORICO,,,CONSERVACION TOTAL,,,PENDIENTE,MAESTDPVRACFACARSFA2016
,VRAC-FAC-AR-SFA,BOG,,CALIFICACIONES,,,,"SERVICIOS INTERFACULTADES
NOTAS DE CARRERAS DE ESTUDIOS MUSICALES, ARTES VISUALES, ESCENICAS, ESPECIALIZACION DE CORO INFANTIL Y JUVENIL Y MAESTRIA MUSICA 1/3",CERRADO,2013,ARCHIVO HISTORICO,1,,,2013,2013,,,DC,,,RO,20,B,5,3,33,126,,,B20-LB-ES5-EN3-CJ33-CP126,FACULTAD DE ARTES,LISTA DE CALIFICACIONES DEFINITIVAS,135,PONTIFICIA UNIVERSIDAD JAVERIANA,VICERRECTORIA ACADEMICA,FACULTAD DE ARTES,SECRETARIA DE FACULTAD,CARPETA NORMALIZADA,ARCHIVO HISTORICO,,,CONSERVACION TOTAL,,,PENDIENTE,MAESTDPVRACFACARSFA2016
,VRAC-FAC-AR-SFA,BOG,,CALIFICACIONES,,,,SERVICIOS INTERFACULTADES 2/3,CERRADO,2013,ARCHIVO HISTORICO,1,,,2013,2013,,,DC,,,RO,20,B,5,3,33,127,,,B20-LB-ES5-EN3-CJ33-CP127,FACULTAD DE ARTES,LISTA DE CALIFICACIONES DEFINITIVAS,136,PONTIFICIA UNIVERSIDAD JAVERIANA,VICERRECTORIA ACADEMICA,FACULTAD DE ARTES,SECRETARIA DE FACULTAD,CARPETA NORMALIZADA,ARCHIVO HISTORICO,,,CONSERVACION TOTAL,,,PENDIENTE,MAESTDPVRACFACARSFA2016
,VRAC-FAC-AR-SFA,BOG,,CALIFICACIONES,,,,"SERVICIOS INTERFACULTADES
NOTAS DE CARRERA DE ESTUDIOS MUSICALES, ARTES VISUALES, ESPECIALIZACION EN CORO INFANTIL JUVENIL Y MAESTRIA MUSICA 3/3",CERRADO,2013,ARCHIVO HISTORICO,1,,,2013,2013,,,DC,,,RO,20,B,5,3,33,128,,,B20-LB-ES5-EN3-CJ33-CP128,FACULTAD DE ARTES,LISTA DE CALIFICACIONES DEFINITIVAS,137,PONTIFICIA UNIVERSIDAD JAVERIANA,VICERRECTORIA ACADEMICA,FACULTAD DE ARTES,SECRETARIA DE FACULTAD,CARPETA NORMALIZADA,ARCHIVO HISTORICO,,,CONSERVACION TOTAL,,,PENDIENTE,MAESTDPVRACFACARSFA2016
,VRAC-FAC-AR-SFA,BOG,,CALIFICACIONES,,,,CALIFICACIONES CARRERA DE ESTUDIOS MUSICALES CICLOS LECTIVOS 1401 AL 1403,CERRADO,01/12/2014,ARCHIVO HISTORICO,1,225,,01/01/2014,01/12/2014,,,DC,,,RO,20,B,5,4,36,152,,,B20-LB-ES5-EN4-CJ36-CP152,FACULTAD DE ARTES,"LISTA DE CALIFICACIONES DEFINITIVAS
ACTAS DE MODIFICACION CALIFICACION DEFINITIVA",139,PONTIFICIA UNIVERSIDAD JAVERIANA,VICERRECTORIA ACADEMICA,FACULTAD DE ARTES,SECRETARIA DE FACULTAD,CARPETA NORMALIZADA,ARCHIVO HISTORICO,,,CONSERVACION TOTAL,,,PENDIENTE,MAESTDPVRACFACARSFA2019
,VRAC-FAC-AR-SFA,BOG,,CALIFICACIONES,,,,CALIFICACIONES CARRERA DE ARTES VISUALES CICLOS LECTIVOS 1401 AL 1403,CERRADO,01/12/2014,ARCHIVO HISTORICO,1,72,,01/01/2014,01/12/2014,,,DC,,,RO,20,B,5,4,37,155,,,B20-LB-ES5-EN4-CJ37-CP155,FACULTAD DE ARTES,"LISTA DE CALIFICACIONES DEFINITIVAS
ACTAS DE MODIFICACION CALIFICACION DEFINITIVA",142,PONTIFICIA UNIVERSIDAD JAVERIANA,VICERRECTORIA ACADEMICA,FACULTAD DE ARTES,SECRETARIA DE FACULTAD,CARPETA NORMALIZADA,ARCHIVO HISTORICO,,,CONSERVACION TOTAL,,,PENDIENTE,MAESTDPVRACFACARSFA2019
,VRAC-FAC-AR-SFA,BOG,,CALIFICACIONES,,,,CALIFICACIONES CARRERA DE ARTES ESCENICAS CICLOS LECTIVOS 1401 AL 1403,CERRADO,01/12/2014,ARCHIVO HISTORICO,1,19,,01/01/2014,01/12/2014,,,DC,,,RO,20,B,5,4,37,158,,,B20-LB-ES5-EN4-CJ37-CP158,FACULTAD DE ARTES,"LISTA DE CALIFICACIONES DEFINITIVAS
ACTAS DE MODIFICACION CALIFICACION DEFINITIVA",145,PONTIFICIA UNIVERSIDAD JAVERIANA,VICERRECTORIA ACADEMICA,FACULTAD DE ARTES,SECRETARIA DE FACULTAD,CARPETA NORMALIZADA,ARCHIVO HISTORICO,,,CONSERVACION TOTAL,,,PENDIENTE,MAESTDPVRACFACARSFA2019
,VRAC-FAC-AR-SFA,BOG,,CALIFICACIONES,,,,CALIFICACIONES CARRERA DE ESTUDIOS MUSICALES CICLOS LECTIVOS 1501 AL 1503,CERRADO,01/12/2015,ARCHIVO HISTORICO,1,149,,01/01/2015,01/12/2015,,,DC,,,RO,20,B,5,4,37,153,,,B20-LB-ES5-EN4-CJ37-CP153,FACULTAD DE ARTES,"LISTA DE CALIFICACIONES DEFINITIVAS
ACTAS DE MODIFICACION CALIFICACION DEFINITIVA",140,PONTIFICIA UNIVERSIDAD JAVERIANA,VICERRECTORIA ACADEMICA,FACULTAD DE ARTES,SECRETARIA DE FACULTAD,CARPETA NORMALIZADA,ARCHIVO HISTORICO,,,CONSERVACION TOTAL,,,PENDIENTE,MAESTDPVRACFACARSFA2019
,VRAC-FAC-AR-SFA,BOG,,CALIFICACIONES,,,,CALIFICACIONES CARRERA DE ARTES VISUALES CICLOS LECTIVOS 1501 AL 1503,CERRADO,01/12/2015,ARCHIVO HISTORICO,1,42,,01/01/2015,01/12/2015,,,DC,,,RO,20,B,5,4,37,156,,,B20-LB-ES5-EN4-CJ37-CP156,FACULTAD DE ARTES,"LISTA DE CALIFICACIONES DEFINITIVAS
ACTAS DE MODIFICACION CALIFICACION DEFINITIVA",143,PONTIFICIA UNIVERSIDAD JAVERIANA,VICERRECTORIA ACADEMICA,FACULTAD DE ARTES,SECRETARIA DE FACULTAD,CARPETA NORMALIZADA,ARCHIVO HISTORICO,,,CONSERVACION TOTAL,,,PENDIENTE,MAESTDPVRACFACARSFA2019
,VRAC-FAC-AR-SFA,BOG,,CALIFICACIONES,,,,CALIFICACIONES CARRERA DE ARTES ESCENICAS CICLOS LECTIVOS 1501 AL 1503,CERRADO,01/12/2015,ARCHIVO HISTORICO,1,15,,01/01/2015,01/12/2015,,,DC,,,RO,20,B,5,4,37,159,,,B20-LB-ES5-EN4-CJ37-CP159,FACULTAD DE ARTES,"LISTA DE CALIFICACIONES DEFINITIVAS
ACTAS DE MODIFICACION CALIFICACION DEFINITIVA",146,PONTIFICIA UNIVERSIDAD JAVERIANA,VICERRECTORIA ACADEMICA,FACULTAD DE ARTES,SECRETARIA DE FACULTAD,CARPETA NORMALIZADA,ARCHIVO HISTORICO,,,CONSERVACION TOTAL,,,PENDIENTE,MAESTDPVRACFACARSFA2019
,VRAC-FAC-AR-SFA,BOG,,CALIFICACIONES,,,,CALIFICACIONES CARRERA DE ESTUDIOS MUSICALES CICLOS LECTIVOS 1601 AL 1603,CERRADO,01/12/2016,ARCHIVO HISTORICO,1,149,,01/01/2016,01/12/2016,,,DC,,,RO,20,B,5,4,37,154,,,B20-LB-ES5-EN4-CJ37-CP154,FACULTAD DE ARTES,"LISTA DE CALIFICACIONES DEFINITIVAS
ACTAS DE MODIFICACION CALIFICACION DEFINITIVA",141,PONTIFICIA UNIVERSIDAD JAVERIANA,VICERRECTORIA ACADEMICA,FACULTAD DE ARTES,SECRETARIA DE FACULTAD,CARPETA NORMALIZADA,ARCHIVO HISTORICO,,,CONSERVACION TOTAL,,,PENDIENTE,MAESTDPVRACFACARSFA2019
,VRAC-FAC-AR-SFA,BOG,,CALIFICACIONES,,,,CALIFICACIONES CARRERA DE ARTES VISUALES CICLOS LECTIVOS 1601 AL 1603,CERRADO,01/12/2016,ARCHIVO HISTORICO,1,51,,01/01/2016,01/12/2016,,,DC,,,RO,20,B,5,4,37,157,,,B20-LB-ES5-EN4-CJ37-CP157,FACULTAD DE ARTES,"LISTA DE CALIFICACIONES DEFINITIVAS
ACTAS DE MODIFICACION CALIFICACION DEFINITIVA",144,PONTIFICIA UNIVERSIDAD JAVERIANA,VICERRECTORIA ACADEMICA,FACULTAD DE ARTES,SECRETARIA DE FACULTAD,CARPETA NORMALIZADA,ARCHIVO HISTORICO,,,CONSERVACION TOTAL,,,PENDIENTE,MAESTDPVRACFACARSFA2019
,VRAC-FAC-AR-SFA,BOG,,CALIFICACIONES,,,,CALIFICACIONES CARRERA DE ARTES ESCENICAS CICLOS LECTIVOS 1601 AL 1603,CERRADO,01/12/2016,ARCHIVO HISTORICO,1,7,,01/01/2016,01/12/2016,,,DC,,,RO,20,B,5,4,37,160,,,B20-LB-ES5-EN4-CJ37-CP160,FACULTAD DE ARTES,"LISTA DE CALIFICACIONES DEFINITIVAS
ACTAS DE MODIFICACION CALIFICACION DEFINITIVA",147,PONTIFICIA UNIVERSIDAD JAVERIANA,VICERRECTORIA ACADEMICA,FACULTAD DE ARTES,SECRETARIA DE FACULTAD,CARPETA NORMALIZADA,ARCHIVO HISTORICO,,,CONSERVACION TOTAL,,,PENDIENTE,MAESTDPVRACFACARSFA2019
,VRAC-FAC-AR-SFA,BOG,,ACTAS,,,,ACTAS DE MODIFICACION CALIFICACION DEFINITIVA,CERRADO,04/12/2002,ARCHIVO HISTORICO,1,,,12/07/2002,04/12/2002,,,DC,,,RO,20,B,5,3,34,131,,,B20-LB-ES5-EN3-CJ34-CP131,FACULTAD DE ARTES,ACTAS,140,PONTIFICIA UNIVERSIDAD JAVERIANA,VICERRECTORIA ACADEMICA,FACULTAD DE ARTES,SECRETARIA DE FACULTAD,CARPETA NORMALIZADA,ARCHIVO HISTORICO,,,CONSERVACION TOTAL,,,PENDIENTE,MAESTDPVRACFACARSFA2016
,VRAC-FAC-AR-SFA,BOG,,ACTAS,,ACTAS DEL CONSEJO DE FACULTAD,,ACTAS 1-15,CERRADO,05/12/2013,ARCHIVO HISTORICO,2,,,14/02/2013,05/12/2013,,,DC,,,RO,20,B,5,4,36,148,,,B20-LB-ES5-EN4-CJ36-CP148,FACULTAD DE ARTES,ACTAS,157,PONTIFICIA UNIVERSIDAD JAVERIANA,VICERRECTORIA ACADEMICA,FACULTAD DE ARTES,SECRETARIA DE FACULTAD,CARPETA NORMALIZADA,ARCHIVO HISTORICO,,,CONSERVACION TOTAL,,,PENDIENTE,MAESTDPVRACFACARSFA2016
,VRAC-FAC-AR-SFA,BOG,,ACTAS,,ACTAS DEL CONSEJO DE FACULTAD,,ACTAS 1-18,CERRADO,09/12/2010,ARCHIVO HISTORICO,2,,,28/01/2010,09/12/2010,,,DC,,,RO,20,B,5,4,36,145,,,B20-LB-ES5-EN4-CJ36-CP145,FACULTAD DE ARTES,ACTAS,154,PONTIFICIA UNIVERSIDAD JAVERIANA,VICERRECTORIA ACADEMICA,FACULTAD DE ARTES,SECRETARIA DE FACULTAD,CARPETA NORMALIZADA,ARCHIVO HISTORICO,,,CONSERVACION TOTAL,,,PENDIENTE,MAESTDPVRACFACARSFA2016
,VRAC-FAC-AR-SFA,BOG,,ACTAS,,ACTAS DEL CONSEJO DE FACULTAD,,ACTAS 1-18,CERRADO,11/12/2008,ARCHIVO HISTORICO,1,,,17/01/2008,11/12/2008,,,DC,,,RO,20,B,5,4,35,140,,,B20-LB-ES5-EN4-CJ35-CP140,FACULTAD DE ARTES,ACTAS,149,PONTIFICIA UNIVERSIDAD JAVERIANA,VICERRECTORIA ACADEMICA,FACULTAD DE ARTES,SECRETARIA DE FACULTAD,LIBRO EMPASTADO,ARCHIVO HISTORICO,,,CONSERVACION TOTAL,,,PENDIENTE,MAESTDPVRACFACARSFA2016
,VRAC-FAC-AR-SFA,BOG,,ACTAS,,ACTAS DEL CONSEJO DE FACULTAD,,ACTAS CONSEJO 2014,CERRADO,11/12/2014,ARCHIVO HISTORICO,1,46,,30/06/2014,11/12/2014,,,DC,,,RO,20,B,5,EN4,36,149,,,B20-LB-ES5-EN4-CJ36-CP149,FACULTAD DE ARTES,ACTAS DE LA 01 A 16 DE 2014,136,PONTIFICIA UNIVERSIDAD JAVERIANA,VICERRECTORIA ACADEMICA,FACULTAD DE ARTES,SECRETARIA DE FACULTAD,CARPETA NORMALIZADA,ARCHIVO HISTORICO,,,CONSERVACION TOTAL,,,PENDIENTE,MAESTDPVRACFACARSFA2019
,VRAC-FAC-AR-SFA,BOG,,ACTAS,,ACTAS DEL CONSEJO DE FACULTAD,,"ACTAS DE 1999, 2000, 2001",CERRADO,12/12/2001,ARCHIVO HISTORICO,1,,,07/04/199,12/12/2001,,,DC,,,RO,20,B,5,3,33,129,,,B20-LB-ES5-EN3-CJ33-CP129,FACULTAD DE ARTES,ACTAS,138,PONTIFICIA UNIVERSIDAD JAVERIANA,VICERRECTORIA ACADEMICA,FACULTAD DE ARTES,SECRETARIA DE FACULTAD,LIBRO EMPASTADO,ARCHIVO HISTORICO,,,CONSERVACION TOTAL,,,PENDIENTE,MAESTDPVRACFACARSFA2016
,VRAC-FAC-AR-SFA,BOG,,ACTAS,,ACTAS DEL CONSEJO DE FACULTAD,,ACTAS 10-13/3 DE 4,CERRADO,13/09/2009,ARCHIVO HISTORICO,1,,,09/07/2009,13/09/2009,,,DC,,,RO,20,B,5,4,36,143,,,B20-LB-ES5-EN4-CJ36-CP143,FACULTAD DE ARTES,ACTAS,152,PONTIFICIA UNIVERSIDAD JAVERIANA,VICERRECTORIA ACADEMICA,FACULTAD DE ARTES,SECRETARIA DE FACULTAD,CARPETA NORMALIZADA,ARCHIVO HISTORICO,,,CONSERVACION TOTAL,,,PENDIENTE,MAESTDPVRACFACARSFA2016
,VRAC-FAC-AR-SFA,BOG,,ACTAS,,ACTAS DEL CONSEJO DE FACULTAD,,ACTAS 1-15,CERRADO,15/11/2012,ARCHIVO HISTORICO,1,,,23/02/2012,15/11/2012,,,DC,,,RO,20,B,5,4,36,147,,,B20-LB-ES5-EN4-CJ36-CP147,FACULTAD DE ARTES,ACTAS,156,PONTIFICIA UNIVERSIDAD JAVERIANA,VICERRECTORIA ACADEMICA,FACULTAD DE ARTES,SECRETARIA DE FACULTAD,CARPETA NORMALIZADA,ARCHIVO HISTORICO,,,CONSERVACION TOTAL,,,PENDIENTE,MAESTDPVRACFACARSFA2016
,VRAC-FAC-AR-SFA,BOG,,ACTAS,,,,"ACTAS DE MODIFICACION CALIFICACION DEFINITIVA
LISTA DE CALIFICACION DEFINITIVAS ",CERRADO,2003,ARCHIVO HISTORICO,1,,,2003,2003,,,DC,,,RO,20,B,5,3,34,133,,,B20-LB-ES5-EN3-CJ34-CP133,FACULTAD DE ARTES,ACTAS,142,PONTIFICIA UNIVERSIDAD JAVERIANA,VICERRECTORIA ACADEMICA,FACULTAD DE ARTES,SECRETARIA DE FACULTAD,CARPETA NORMALIZADA,ARCHIVO HISTORICO,,,CONSERVACION TOTAL,,,PENDIENTE,MAESTDPVRACFACARSFA2016
,VRAC-FAC-AR-SFA,BOG,,ACTAS,,ACTAS DEL CONSEJO DE FACULTAD,,COMUNICACIONES Y MEMORANDO DE ACTAS ANEXOS 1/2,CERRADO,2003,ARCHIVO HISTORICO,1,,,2003,2003,,,DC,,,RO,20,B,5,3,33,134,,,B20-LB-ES5-EN3-CJ33-CP134,FACULTAD DE ARTES,ACTAS,143,PONTIFICIA UNIVERSIDAD JAVERIANA,VICERRECTORIA ACADEMICA,FACULTAD DE ARTES,SECRETARIA DE FACULTAD,CARPETA NORMALIZADA,ARCHIVO HISTORICO,,,CONSERVACION TOTAL,,,PENDIENTE,MAESTDPVRACFACARSFA2016
,VRAC-FAC-AR-SFA,BOG,,ACTAS,,ACTAS DEL CONSEJO DE FACULTAD,,COMUNICACIONES Y MEMORANDO DE ACTAS ANEXOS 2/2,CERRADO,2003,ARCHIVO HISTORICO,1,,,2003,2003,,,DC,,,RO,20,B,5,3,34,135,,,B20-LB-ES5-EN3-CJ34-CP135,FACULTAD DE ARTES,ACTAS,144,PONTIFICIA UNIVERSIDAD JAVERIANA,VICERRECTORIA ACADEMICA,FACULTAD DE ARTES,SECRETARIA DE FACULTAD,CARPETA NORMALIZADA,ARCHIVO HISTORICO,,,CONSERVACION TOTAL,,,PENDIENTE,MAESTDPVRACFACARSFA2016
,VRAC-FAC-AR-SFA,BOG,,ACTAS,,ACTAS DEL CONSEJO DE FACULTAD,,ANEXOS ACTAS 2004,CERRADO,2004,ARCHIVO HISTORICO,1,,,2004,2004,,,DC,,,RO,20,B,5,3,CJ33,136,,,B20-LB-ES5-EN3-CJ33-CP136,FACULTAD DE ARTES,ACTAS,145,PONTIFICIA UNIVERSIDAD JAVERIANA,VICERRECTORIA ACADEMICA,FACULTAD DE ARTES,SECRETARIA DE FACULTAD,CARPETA NORMALIZADA,ARCHIVO HISTORICO,,,CONSERVACION TOTAL,,,PENDIENTE,MAESTDPVRACFACARSFA2016
,VRAC-FAC-AR-SFA,BOG,,ACTAS,,ACTAS DEL CONSEJO DE FACULTAD,,ANEXOS ACTAS 2005,CERRADO,2005,ARCHIVO HISTORICO,1,,,2005,2005,,,DC,,,RO,20,B,5,3,34,137,,,B20-LB-ES5-EN3-CJ34-CP137,FACULTAD DE ARTES,ACTAS,146,PONTIFICIA UNIVERSIDAD JAVERIANA,VICERRECTORIA ACADEMICA,FACULTAD DE ARTES,SECRETARIA DE FACULTAD,CARPETA NORMALIZADA,ARCHIVO HISTORICO,,,CONSERVACION TOTAL,,,PENDIENTE,MAESTDPVRACFACARSFA2016
,VRAC-FAC-AR-SFA,BOG,,ACTAS,,ACTAS DEL CONSEJO DE FACULTAD,,"ACTAS 2002
NUMERO DE ACTAS DE 1-18",CERRADO,21/11/2002,ARCHIVO HISTORICO,1,,,10/01/2002,21/11/2002,,,DC,,,RO,20,B,5,3,33,130,,,B20-LB-ES5-EN3-CJ33-CP130,FACULTAD DE ARTES,ACTAS,139,PONTIFICIA UNIVERSIDAD JAVERIANA,VICERRECTORIA ACADEMICA,FACULTAD DE ARTES,SECRETARIA DE FACULTAD,LIBRO EMPASTADO,ARCHIVO HISTORICO,,,CONSERVACION TOTAL,,,PENDIENTE,MAESTDPVRACFACARSFA2016
,VRAC-FAC-AR-SFA,BOG,,ACTAS,,ACTAS DEL CONSEJO DE FACULTAD,,ACTAS CONSEJO 2016,CERRADO,21/11/2016,ARCHIVO HISTORICO,1,80,,28/01/2016,21/11/2016,,,DC,,,RO,20,B,5,4,36,151,,,B20-LB-ES5-EN4-CJ36-CP151,FACULTAD DE ARTES,ACTAS DE LA 01 A 12 DE 2016,138,PONTIFICIA UNIVERSIDAD JAVERIANA,VICERRECTORIA ACADEMICA,FACULTAD DE ARTES,SECRETARIA DE FACULTAD,CARPETA NORMALIZADA,ARCHIVO HISTORICO,,,CONSERVACION TOTAL,,,PENDIENTE,MAESTDPVRACFACARSFA2019
,VRAC-FAC-AR-SFA,BOG,,ACTAS,,ACTAS DEL CONSEJO DE FACULTAD,,ACTAS 1-5/1 DE 4,CERRADO,13/04/2009,ARCHIVO HISTORICO,1,,,12/02/2009,23/04/2009,,,DC,,,RO,20,B,5,4,36,141,,,B20-LB-ES5-EN4-CJ36-CP141,FACULTAD DE ARTES,ACTAS,150,PONTIFICIA UNIVERSIDAD JAVERIANA,VICERRECTORIA ACADEMICA,FACULTAD DE ARTES,SECRETARIA DE FACULTAD,CARPETA NORMALIZADA,ARCHIVO HISTORICO,,,CONSERVACION TOTAL,,,PENDIENTE,MAESTDPVRACFACARSFA2016
,VRAC-FAC-AR-SFA,BOG,,ACTAS,,ACTAS DEL CONSEJO DE FACULTAD,,ACTAS 6-9/2 DE 4,CERRADO,25/06/2009,ARCHIVO HISTORICO,1,,,07/05/2009,25/06/2009,,,DC,,,RO,20,B,5,4,36,142,,,B20-LB-ES5-EN4-CJ36-CP142,FACULTAD DE ARTES,ACTAS,151,PONTIFICIA UNIVERSIDAD JAVERIANA,VICERRECTORIA ACADEMICA,FACULTAD DE ARTES,SECRETARIA DE FACULTAD,CARPETA NORMALIZADA,ARCHIVO HISTORICO,,,CONSERVACION TOTAL,,,PENDIENTE,MAESTDPVRACFACARSFA2016
,VRAC-FAC-AR-SFA,BOG,,ACTAS,,ACTAS DEL CONSEJO DE FACULTAD,,ACTAS 14-20/4 DE 4,CERRADO,26/11/2009,ARCHIVO HISTORICO,1,,,10/09/2009,26/11/2009,,,DC,,,RO,20,B,5,4,36,144,,,B20-LB-ES5-EN4-CJ36-CP144,FACULTAD DE ARTES,ACTAS,153,PONTIFICIA UNIVERSIDAD JAVERIANA,VICERRECTORIA ACADEMICA,FACULTAD DE ARTES,SECRETARIA DE FACULTAD,CARPETA NORMALIZADA,ARCHIVO HISTORICO,,,CONSERVACION TOTAL,,,PENDIENTE,MAESTDPVRACFACARSFA2016
,VRAC-FAC-AR-SFA,BOG,,ACTAS,,ACTAS DEL CONSEJO DE FACULTAD,,ACTAS CONSEJO 2015,CERRADO,26/11/2015,ARCHIVO HISTORICO,1,76,,05/02/2015,26/11/2015,,,DC,,,RO,20,B,5,4,36,150,,,B20-LB-ES5-EN4-CJ36-CP150,FACULTAD DE ARTES,ACTAS DE LA 01 A 18 DE 2015,137,PONTIFICIA UNIVERSIDAD JAVERIANA,VICERRECTORIA ACADEMICA,FACULTAD DE ARTES,SECRETARIA DE FACULTAD,CARPETA NORMALIZADA,ARCHIVO HISTORICO,,,CONSERVACION TOTAL,,,PENDIENTE,MAESTDPVRACFACARSFA2019
,VRAC-FAC-AR-SFA,BOG,,ACTAS,,ACTAS DEL CONSEJO DE FACULTAD,,ACTAS 1-13,CERRADO,28/11/2011,ARCHIVO HISTORICO,1,,,27/01/2011,28/11/2011,,,DC,,,RO,20,B,5,4,36,146,,,B20-LB-ES5-EN4-CJ36-CP146,FACULTAD DE ARTES,ACTAS,155,PONTIFICIA UNIVERSIDAD JAVERIANA,VICERRECTORIA ACADEMICA,FACULTAD DE ARTES,SECRETARIA DE FACULTAD,CARPETA NORMALIZADA,ARCHIVO HISTORICO,,,CONSERVACION TOTAL,,,PENDIENTE,MAESTDPVRACFACARSFA2016
,VRAC-FAC-AR-SFA,BOG,,ACTAS,,ACTAS DEL CONSEJO DE FACULTAD,,"ACTAS DE 2003, 2004, 2005",CERRADO,29/01/2005,ARCHIVO HISTORICO,1,,,13/02/2003,29/01/2005,,,DC,,,RO,20,B,5,3,33,132,,,B20-LB-ES5-EN3-CJ33-CP132,FACULTAD DE ARTES,ACTAS,141,PONTIFICIA UNIVERSIDAD JAVERIANA,VICERRECTORIA ACADEMICA,FACULTAD DE ARTES,SECRETARIA DE FACULTAD,LIBRO EMPASTADO,ARCHIVO HISTORICO,,,CONSERVACION TOTAL,,,PENDIENTE,MAESTDPVRACFACARSFA2016
,VRAC-FAC-AR-SFA,BOG,,ACTAS,,ACTAS DEL CONSEJO DE FACULTAD,,ACTAS 1-19,CERRADO,29/11/2007,ARCHIVO HISTORICO,1,,,01/18/2007,29/11/2007,,,DC,,,RO,20,B,5,4,35,139,,,B20-LB-ES5-EN4-CJ35-CP139,FACULTAD DE ARTES,ACTAS,148,PONTIFICIA UNIVERSIDAD JAVERIANA,VICERRECTORIA ACADEMICA,FACULTAD DE ARTES,SECRETARIA DE FACULTAD,LIBRO EMPASTADO,ARCHIVO HISTORICO,,,CONSERVACION TOTAL,,,PENDIENTE,MAESTDPVRACFACARSFA2016
,VRAC-FAC-AR-SFA,BOG,,ACTAS,,ACTAS DEL CONSEJO DE FACULTAD,,ACTAS 1-22,CERRADO,30/11/2006,ARCHIVO HISTORICO,1,,,19/01/2006,30/11/2006,,,DC,,,RO,20,B,5,4,35,138,,,B20-LB-ES5-EN4-CJ35-CP138,FACULTAD DE ARTES,ACTAS,147,PONTIFICIA UNIVERSIDAD JAVERIANA,VICERRECTORIA ACADEMICA,FACULTAD DE ARTES,SECRETARIA DE FACULTAD,LIBRO EMPASTADO,ARCHIVO HISTORICO,,,CONSERVACION TOTAL,,,PENDIENTE,MAESTDPVRACFACARSFA2016
