Año,Categoria ,Evento,Descripción ,Contexto histórico ,Fuente
1996,Fundación ,,"El AHJ se crea en el rectorado del Padre Gerardo Arango Puerta, S.J., en el año de 1996 y más tarde, en la administración del Padre Gerardo Remolina Vargas, S.J., se consolida con la aprobación del nuevo Reglamento Orgánico de la Universidad, Acuerdo N. 339 del Consejo Directivo de la Pontificia Universidad Javeriana, dado en Bogotá el 25 de agosto de 2003, con lo cual queda constituido orgánicamente, como el tercer componente del Sistema de Archivos Javerianos con la misión de recoger la historia documentada de la Universidad, proteger su memoria institucional y su patrimonio cultural.",,https://archivohistoricojaveriano.blogspot.com/
1996,"Fondo Pontificia Universidad Javeriana
Otros Fondos 
Colecciones",,"Luego de la firma de la primera acta de recepción documental el 1 de octubre de 1996, se estableció formalmente el cuadro de clasificación del fondo. Se dividió el Fondo PUJ de acuerdo con las épocas históricas de la universidad: Javeriana Colonial (1604-1767), Extrañamiento (1767-1929) y Javeriana Contemporánea (1930 a la actualidad).
Se diseñó ""Otros Fondos"" con el fin de poder albergar el archivo personal del historiador Juan Manuel Pacheco, S.J., cuyos documentos, manuscritos y fichas de estudio constituyeron el primer ""fondo privado"" recibido en donación por la universidad. ""Otros Fondos"" permitió sumar nuevos integrantes a lo largo de las décadas a medida que profesores, jesuitas o familias notables donaban archivos y documentos.
Las colecciones también se contemplaron en el diseño original del archivo en 1996, se crearon por la necesidad técnica de segregar materiales que por su soporte físico (fotos, mapas, planos) requerían depósitos y condiciones de conservación especiales.",,"https://www.javeriana.edu.co/archivo-historico/fondo-puj
https://www.javeriana.edu.co/archivo-historico/otros-fondos
https://www.javeriana.edu.co/archivo-historico/colecciones"
1996,Colección Biblioteca de Historia y Referencia,,"Escolección que nació con un volumen crítico inmediato en 1996. Se constituyó de manera paralela al Fondo Padre Juan Manuel Pacheco, S.J., ya que estaba compuesta por los libros de consulta especializada, obras de historia eclesiástica y diccionarios biográficos que el historiador jesuita utilizaba para sus investigaciones. Se mantiene como una colección abierta que se alimenta constantemente con nuevas adquisiciones de historiografía colombiana.",,https://javeriana.edu.co/web/archivo-historico/colecciones/bibliotecahistoriayref
2000,Creación del Archivo Histórico Javeriano e inicio de convenios,,"Se aprueba la creación del AHJ con el objetivo de custodiar, conservar y acopiar documentación de la Compañía de Jesus. Además se crea el proyecto: Recuperación de los Archivos de la Javeriana Colonial, en alianza con el Programa Ayudas para el Desarrollo de Archivos de Iberoamérica, ADAI.   ",,https://www.iberarchivos.org/wp-content/uploads/2014/12/2000-071_informe-final.pdf
2003,Colección Centro de Documentos Javerianos,,"Tras la aprobación del Reglamento Orgánico de la Universidad (Acuerdo 339), las facultades empezaron a remitir de forma obligatoria un ejemplar de cada publicación seriada o institucional al archivo para su conservación permanente, con el objetivo de reunir toda la producción intelectual, folletos, revistas de facultades y programas académicos realizados por la comunidad educativa. ",,https://javeriana.edu.co/web/archivo-historico/colecciones/centrodocumentosjav
2000-2010,Colecciones de Patrimonio Mueble,,"El AHJ gestiona tres colecciones vinculadas al inventario de bienes artísticos e históricos de la universidad, cuyas piezas ingresaron en diferentes momentos:
Colección de Patrimonio Cultural, Arte y Museo
Colección de Emblemas, Símbolos y Condecoraciones
Colección de Objetos Conmemorativos
Estas colecciones recopilan óleos coloniales, las primeras medallas de la orden Universidad Javeriana, los sellos secos de las antiguas secretarías. Su ordenación y catalogación como colecciones independientes dentro del archivo se consolidó en la década del 2000, impulsada por los inventarios generales de bienes artísticos y religiosos que la universidad realizó para asegurar la conservación del patrimonio mueble disperso en el campus.",,https://www.javeriana.edu.co/archivo-historico/patrimonio-y-memoria
2012,Colección de Planos y Cartografía,expansión técnica,"En esta colección se encuentran los planos y mapas de las construcciones del campus universitario y delos proyectos de restauración realizados por el Instituto Carlos Arbeláez Camacho (ICAC), desde 1934 hasta la actualidad. En 2012 el archivo recibió la donación del legado del geógrafo e historiador José Agustín Blanco Barros, incorporando mapas históricos y levantamientos cartográficos del Caribe colombiano y de las antiguas haciendas jesuíticas. ",,https://www.javeriana.edu.co/archivo-historico/otros-fondos/joseagustinblanco
2018,Convenio y reintegración,El Convenio de Colaboración,"Se firmó un convenio entre la Pontificia Universidad Javeriana, la Fundación Colegio Mayor de San Bartolomé y la Curia Provincial de la Compañía de Jesús. El objetivo del convenio fue que el Archivo Histórico Javeriano custodiara, asumiera la intervención, descripción y digitalización del patrimonio archivistico de estas dos instituciones de la compañía de Jesus. ",,https://www.javeriana.edu.co/hoy-en-la-javeriana/w/hoy-en-la-javeriana-el-archivo-hist%C3%B3rico-del-colegio-mayor-de-san-bartolome-un-tesoro-para-la-historia-y-la-investigacion
2024,Creación fondos y finalización de digitalización,Creación Archivo Histórico del Colegio Mayor de San Bartolomé,"De acuerdo al convenio de Colaboración y al trabajo de los padres Daniel Restrepo y Fortunato Herrera, se llevó a cabo la creación del Archivo Histórico del Colegio Mayor de San Bartolomé, integrando al acervo javeriano fuentes de la época colonial y republicanana que no se encontraban disponibles para los investigadores. El archivo está organizado en dos fondos documentales: el Fondo Colegio Mayor de San Bartolomé, el Fondo General Manuel Briseño y una colección hemerográfica.",,https://www.javeriana.edu.co/hoy-en-la-javeriana/w/hoy-en-la-javeriana-el-archivo-hist%C3%B3rico-del-colegio-mayor-de-san-bartolome-un-tesoro-para-la-historia-y-la-investigacion
